date,kamino_apy,kamino_apy_base,kamino_apy_reward,kamino_tvl,jupiter_lend_apy,jupiter_lend_apy_base,jupiter_lend_apy_reward,jupiter_lend_tvl,raydium_clmm_apy,raydium_clmm_apy_base,raydium_clmm_apy_reward,raydium_clmm_tvl,ondo_usdy_apy,ondo_usdy_apy_base,ondo_usdy_apy_reward,ondo_usdy_tvl
2023-11-18,0.0243009,0.0243009,0.0,39996.0,,,,,,,,,,,,
2023-11-19,0.0242928,0.0242928,0.0,39996.0,,,,,,,,,,,,
2023-11-20,0.0043905,0.0043905,0.0,395322.0,,,,,,,,,,,,
2023-11-21,0.0034815000000000002,0.0034815000000000002,0.0,571250.0,,,,,,,,,,,,
2023-11-22,0.0088968,0.0088968,0.0,553311.0,,,,,,,,,,,,
2023-11-23,0.0103692,0.0103692,0.0,649392.0,,,,,,,,,,,,
2023-11-24,0.0279261,0.0279261,0.0,250012.0,,,,,,,,,,,,
2023-11-25,0.0178216,0.0178216,0.0,525262.0,,,,,,,,,,,,
2023-11-26,0.0181659,0.0181659,0.0,533806.0,,,,,,,,,,,,
2023-11-27,0.0184697,0.0184697,0.0,533961.0,,,,,,,,,,,,
2023-11-28,0.0669734,0.0669734,0.0,309550.0,,,,,,,,,,,,
2023-11-29,0.040159099999999996,0.040159099999999996,0.0,456738.0,,,,,,,,,,,,
2023-11-30,0.0710389,0.0710389,0.0,415917.0,,,,,,,,,,,,
2023-12-01,0.053095800000000005,0.053095800000000005,0.0,554321.0,,,,,,,,,,,,
2023-12-02,0.0807095,0.0807095,0.0,566316.0,,,,,,,,,,,,
2023-12-03,0.07641490000000001,0.07641490000000001,0.0,578231.0,,,,,,,,,,,,
2023-12-04,0.1216437,0.1216437,0.0,470410.0,,,,,,,,,,,,
2023-12-05,0.0468378,0.0468378,0.0,807340.0,,,,,,,,,,,,
2023-12-06,0.045903200000000005,0.045903200000000005,0.0,1085696.0,,,,,,,,,,,,
2023-12-07,0.0223226,0.0223226,0.0,1837302.0,,,,,,,,,,,,
2023-12-08,0.023253,0.023253,0.0,2317919.0,,,,,,,,,,,,
2023-12-09,0.017071,0.017071,0.0,4455763.0,,,,,,,,,,,,
2023-12-10,0.021049799999999997,0.021049799999999997,0.0,3844113.0,,,,,,,,,,,,
2023-12-11,0.021001,0.021001,0.0,3947532.0,,,,,,,,,,,,
2023-12-12,0.0504709,0.0504709,0.0,2653132.0,,,,,,,,,,,,
2023-12-13,0.023485999999999996,0.023485999999999996,0.0,3714460.0,,,,,,,,,,,,
2023-12-14,0.0223007,0.0223007,0.0,4258158.0,,,,,,,,,,,,
2023-12-15,0.020528,0.020528,0.0,5042717.0,,,,,,,,,,,,
2023-12-16,0.0224302,0.0224302,0.0,4415302.0,,,,,,,,,,,,
2023-12-17,0.022938999999999998,0.022938999999999998,0.0,4254450.0,,,,,,,,,,,,
2023-12-18,0.056051399999999994,0.056051399999999994,0.0,2886433.0,,,,,,,,,,,,
2023-12-19,0.022977400000000002,0.022977400000000002,0.0,4250926.0,,,,,,,,,,,,
2023-12-20,0.0306517,0.0306517,0.0,3594875.0,,,,,,,,,,,,
2023-12-21,0.0238234,0.0238234,0.0,3984836.0,,,,,,,,,,,,
2023-12-22,0.023698,0.023698,0.0,3987280.0,,,,,,,,,,,,
2023-12-23,0.041561,0.041561,0.0,3369458.0,,,,,,,,,,,,
2023-12-24,0.0227201,0.0227201,0.0,4684206.0,,,,,,,,,,,,
2023-12-25,0.0819589,0.0819589,0.0,3037924.0,,,,,,,,,,,,
2023-12-26,0.0239038,0.0239038,0.0,5004872.0,,,,,,,,,,,,
2023-12-27,0.0515899,0.0515899,0.0,3760740.0,,,,,,,,,,,,
2023-12-28,0.0989307,0.0989307,0.0,2903804.0,,,,,,,,,,,,
2023-12-29,0.18346710000000002,0.18346710000000002,0.0,2293531.0,,,,,,,,,,,,
2023-12-30,0.1065714,0.1065714,0.0,3202687.0,,,,,,,,,,,,
2023-12-31,0.16335180000000002,0.16335180000000002,0.0,2531440.0,,,,,,,,,,,,
2024-01-01,0.10571989999999999,0.10571989999999999,0.0,3449711.0,,,,,,,,,,,,
2024-01-02,0.0988045,0.0988045,0.0,3680141.0,,,,,,,,,,,,
2024-01-03,0.1063857,0.1063857,0.0,3572905.0,,,,,,,,,,,,
2024-01-04,0.1004358,0.1004358,0.0,3882334.0,,,,,,,,,,,,
2024-01-05,0.019857899999999998,0.019857899999999998,0.0,9970595.0,,,,,,,,,,,,
2024-01-06,0.0925012,0.0925012,0.0,3806206.0,,,,,,,,,,,,
2024-01-07,0.20584219999999998,0.20584219999999998,0.0,2614042.0,,,,,,,,,,,,
2024-01-08,0.17028649999999998,0.17028649999999998,0.0,2939250.0,,,,,,,,,,,,
2024-01-09,0.0203414,0.0203414,0.0,9155145.0,,,,,,,,,,,,
2024-01-10,0.0207022,0.0207022,0.0,9264254.0,,,,,,,,,,,,
2024-01-11,0.0240148,0.0240148,0.0,6890320.0,,,,,,,,,,,,
2024-01-12,0.0204264,0.0204264,0.0,9131508.0,,,,,,,,,,,,
2024-01-13,0.0215083,0.0215083,0.0,8458107.0,,,,,,,,,,,,
2024-01-14,0.023916200000000002,0.023916200000000002,0.0,6880050.0,,,,,,,,,,,,
2024-01-15,0.07178709999999999,0.07178709999999999,0.0,4794497.0,,,,,,,,,,,,
2024-01-16,0.0925436,0.0925436,0.0,4382920.0,,,,,,,,,,,,
2024-01-17,0.0683479,0.0683479,0.0,4927436.0,,,,,,,,,,,,
2024-01-18,0.0543964,0.0543964,0.0,5336714.0,,,,,,,,,,,,
2024-01-19,0.0680248,0.0680248,0.0,5051820.0,,,,,,,,,,,,
2024-01-20,0.0352923,0.0352923,0.0,7297107.0,,,,,,,,,,,,
2024-01-21,0.0186584,0.0186584,0.0,14549219.0,,,,,,,,,,,,
2024-01-22,0.018822099999999998,0.018822099999999998,0.0,14481387.0,,,,,,,,,,,,
2024-01-23,0.0206951,0.0206951,0.0,12419563.0,,,,,,,,,,,,
2024-01-24,0.0216477,0.0216477,0.0,12021466.0,,,,,,,,,,,,
2024-01-25,0.026373,0.026373,0.0,10034098.0,,,,,,,,,,,,
2024-01-26,0.023457099999999998,0.023457099999999998,0.0,10892607.0,,,,,,,,,,,,
2024-01-27,0.024230299999999996,0.024230299999999996,0.0,10372471.0,,,,,,,,,,,,
2024-01-28,0.0241702,0.0241702,0.0,10881609.0,,,,,,,,,,,,
2024-01-29,0.0535568,0.0535568,0.0,8555711.0,,,,,,,,,,,,
2024-01-30,0.09035220000000001,0.09035220000000001,0.0,6734838.0,,,,,,,,,,,,
2024-01-31,0.0484415,0.0484415,0.0,8875575.0,,,,,,,,,,,,
2024-02-01,0.0584429,0.0584429,0.0,8327361.0,,,,,,,,,,,,
2024-02-02,0.06450260000000001,0.06450260000000001,0.0,8561354.0,,,,,,,,,,,,
2024-02-03,0.053809199999999995,0.053809199999999995,0.0,9234032.0,,,,,,,,,,,,
2024-02-04,0.0503714,0.0503714,0.0,9512904.0,,,,,,,,,,,,
2024-02-05,0.061404600000000004,0.061404600000000004,0.0,8637627.0,,,,,,,,,,,,
2024-02-06,0.0694664,0.0694664,0.0,8348687.0,,,,,,,,,,,,
2024-02-07,0.0456907,0.0456907,0.0,10050128.0,,,,,,,,,,,,
2024-02-08,0.0662476,0.0662476,0.0,8349796.0,,,,,,,,,,,,
2024-02-09,0.055711000000000004,0.055711000000000004,0.0,9044320.0,,,,,,,,,,,,
2024-02-10,0.056600000000000004,0.056600000000000004,0.0,9012793.0,,,,,,,,,,,,
2024-02-11,0.0591265,0.0591265,0.0,8800264.0,,,,,,,,,,,,
2024-02-12,0.0763016,0.0763016,0.0,8082519.0,,,,,,,,,,,,
2024-02-13,0.060557,0.060557,0.0,8754842.0,,,,,,,,,,,,
2024-02-14,0.0739647,0.0739647,0.0,8179525.0,,,,,,,,,,,,
2024-02-15,0.072485,0.072485,0.0,8241381.0,,,,,,,,,,,,
2024-02-16,0.0508456,0.0508456,0.0,9590125.0,,,,,,,,,,,,
2024-02-17,0.09860709999999999,0.09860709999999999,0.0,7194470.0,,,,,,,,,,,,
2024-02-18,0.0656069,0.0656069,0.0,8534112.0,,,,,,,,,,,,
2024-02-19,0.0489824,0.0489824,0.0,9777552.0,,,,,,,,,,,,
2024-02-20,0.0526898,0.0526898,0.0,9408954.0,,,,,,,,,,,,
2024-02-21,0.0439907,0.0439907,0.0,10215886.0,,,,,,,,,,,,
2024-02-22,0.0444447,0.0444447,0.0,10243676.0,,,,,,,,,,,,
2024-02-23,0.2151022,0.2151022,0.0,4542307.0,,,,,,,,,,,,
2024-02-24,0.1179725,0.1179725,0.0,6478118.0,,,,,,,,,,,,
2024-02-25,0.0490086,0.0490086,0.0,9775401.0,,,,,,,,,,,,
2024-02-26,0.0451218,0.0451218,0.0,10173061.0,,,,,,,,,,,,
2024-02-27,0.0893482,0.0893482,0.0,7554276.0,,,,,,,,,,,,
2024-02-28,0.10592359999999999,0.10592359999999999,0.0,6918293.0,,,,,,,,,,,,
2024-02-29,0.2209037,0.2209037,0.0,4450865.0,,,,,,,,,,,,
2024-03-01,0.2416122,0.2416122,0.0,4090216.0,,,,,,,,,,,,
2024-03-02,0.13812480000000002,0.13812480000000002,0.0,5775134.0,,,,,,,,,,,,
2024-03-03,0.2169403,0.2169403,0.0,4518286.0,,,,,,,,,,,,
2024-03-04,0.1918833,0.1918833,0.0,4865000.0,,,,,,,,,,,,
2024-03-05,0.4054309,0.4054309,0.0,2333104.0,,,,,,,,,,,,
2024-03-06,0.3727142,0.3727142,0.0,2564927.0,,,,,,,,,,,,
2024-03-07,0.30518270000000003,0.30518270000000003,0.0,3410405.0,,,,,,,,,,,,
2024-03-08,0.0201041,0.0201041,0.0,18676707.0,,,,,,,,,,,,
2024-03-09,0.0217461,0.0217461,0.0,16038041.0,,,,,,,,,,,,
2024-03-10,0.0186957,0.0186957,0.0,21196892.0,,,,,,,,,,,,
2024-03-11,0.0219599,0.0219599,0.0,15729844.0,,,,,,,,,,,,
2024-03-12,0.4487699,0.4487699,0.0,2288772.0,,,,,,,,,,,,
2024-03-13,0.2821575,0.2821575,0.0,3682293.0,,,,,,,,,,,,
2024-03-14,0.3132371,0.3132371,0.0,3319535.0,,,,,,,,,,,,
2024-03-15,0.34303310000000004,0.34303310000000004,0.0,2982550.0,,,,,,,,,,,,
2024-03-16,0.2696493,0.2696493,0.0,3837434.0,,,,,,,,,,,,
2024-03-17,0.3282838,0.3282838,0.0,3146188.0,,,,,,,,,,,,
2024-03-18,0.165211,0.165211,0.0,5252587.0,,,,,,,,,,,,
2024-03-19,0.13420289999999999,0.13420289999999999,0.0,5914370.0,,,,,,,,,,,,
2024-03-20,0.1441298,0.1441298,0.0,5579773.0,,,,,,,,,,,,
2024-03-21,0.06943970000000001,0.06943970000000001,0.0,8371085.0,,,,,,,,,,,,
2024-03-22,0.0811407,0.0811407,0.0,7884344.0,,,,,,,,,,,,
2024-03-23,0.0830899,0.0830899,0.0,7804890.0,,,,,,,,,,,,
2024-03-24,0.0831184,0.0831184,0.0,7803351.0,,,,,,,,,,,,
2024-03-25,0.10962540000000001,0.10962540000000001,0.0,6780053.0,,,,,,,,,,,,
2024-03-26,0.0379459,0.0379459,0.0,10939096.0,,,,,,,,,,,,
2024-03-27,0.0881475,0.0881475,0.0,7602942.0,,,,,,,,,,,,
2024-03-28,0.0903445,0.0903445,0.0,7515066.0,,,,,,,,,,,,
2024-03-29,0.1272074,0.1272074,0.0,6152397.0,,,,,,,,,,,,
2024-03-30,0.2022028,0.2022028,0.0,4720545.0,,,,,,,,,,,,
2024-03-31,0.3042894,0.3042894,0.0,3420872.0,,,,,,,,,,,,
2024-04-01,0.29588539999999997,0.29588539999999997,0.0,3519102.0,,,,,,,,,,,,
2024-04-02,0.2556105,0.2556105,0.0,4012078.0,,,,,,,,,,,,
2024-04-03,0.2183284,0.2183284,0.0,4499393.0,,,,,,,,,,,,
2024-04-04,0.2660344,0.2660344,0.0,3881521.0,,,,,,,,,,,,
2024-04-05,0.24596430000000002,0.24596430000000002,0.0,4134394.0,,,,,,,,,,,,
2024-04-06,0.17796330000000002,0.17796330000000002,0.0,5064698.0,,,,,,,,,,,,
2024-04-07,0.2336403,0.2336403,0.0,4295459.0,,,,,,,,,,,,
2024-04-08,0.17603960000000002,0.17603960000000002,0.0,5093132.0,,,,,,,,,,,,
2024-04-09,0.18597529999999998,0.18597529999999998,0.0,4949282.0,,,,,,,,,,,,
2024-04-10,0.2662498,0.2662498,0.0,4264181.0,,,,,,,,,,,,
2024-04-11,0.24175909999999998,0.24175909999999998,0.0,4766753.0,,,,,,,,,,,,
2024-04-12,0.2509378,0.2509378,0.0,4559147.0,,,,,,,,,,,,
2024-04-13,0.1148777,0.1148777,0.0,6646290.0,,,,,,,,,,,,
2024-04-14,0.17636849999999998,0.17636849999999998,0.0,5518628.0,,,,,,,,,,,,
2024-04-15,0.1219629,0.1219629,0.0,7029367.0,,,,,,,,,,,,
2024-04-16,0.10494300000000001,0.10494300000000001,0.0,7555607.0,,,,,,,,,,,,
2024-04-17,0.1426079,0.1426079,0.0,6321508.0,,,,,,,,,,,,
2024-04-18,0.16859359999999998,0.16859359999999998,0.0,5825210.0,,,,,,,,,,,,
2024-04-19,0.1348992,0.1348992,0.0,6693189.0,,,,,,,,,,,,
2024-04-20,0.1321275,0.1321275,0.0,6915444.0,,,,,,,,,,,,
2024-04-21,0.127363,0.127363,0.0,7182877.0,,,,,,,,,,,,
2024-04-22,0.1202492,0.1202492,0.0,7686043.0,,,,,,,,,,,,
2024-04-23,0.18567920000000002,0.18567920000000002,0.0,6061308.0,,,,,,,,,,,,
2024-04-24,0.1830592,0.1830592,0.0,6108628.0,,,,,,,,,,,,
2024-04-25,0.11832789999999999,0.11832789999999999,0.0,7799186.0,,,,,,,,,,,,
2024-04-26,0.124179,0.124179,0.0,7509903.0,,,,,,,,,,,,
2024-04-27,0.1329102,0.1329102,0.0,7158159.0,,,,,,,,,,,,
2024-04-28,0.1115519,0.1115519,0.0,8102219.0,,,,,,,,,,,,
2024-04-29,0.11928290000000001,0.11928290000000001,0.0,7739686.0,,,,,,,,,,,,
2024-04-30,0.0986139,0.0986139,0.0,8235091.0,,,,,,,,,,,,
2024-05-01,0.12941539999999999,0.12941539999999999,0.0,6801059.0,,,,,,,,,,,,
2024-05-02,0.1376847,0.1376847,0.0,6615087.0,,,,,,,,,,,,
2024-05-03,0.1135996,0.1135996,0.0,7491201.0,,,,,,,,,,,,
2024-05-04,0.1486971,0.1486971,0.0,6308684.0,,,,,,,,,,,,
2024-05-05,0.1201739,0.1201739,0.0,7396148.0,,,,,,,,,,,,
2024-05-06,0.1401795,0.1401795,0.0,6839695.0,,,,,,,,,,,,
2024-05-07,0.0892797,0.0892797,0.0,8964393.0,,,,,,,,,,,,
2024-05-08,0.1243791,0.1243791,0.0,7394285.0,,,,,,,,,,,,
2024-05-09,0.1458418,0.1458418,0.0,6610042.0,,,,,,,,,,,,
2024-05-10,0.10097350000000001,0.10097350000000001,0.0,8477944.0,,,,,,,,,,,,
2024-05-11,0.1101403,0.1101403,0.0,8068330.0,,,,,,,,,,,,
2024-05-12,0.11188530000000001,0.11188530000000001,0.0,7979484.0,,,,,,,,,,,,
2024-05-13,0.1411918,0.1411918,0.0,6815670.0,,,,,,,,,,,,
2024-05-14,0.1630593,0.1630593,0.0,6306813.0,,,,,,,,,,,,
2024-05-15,0.12885439999999998,0.12885439999999998,0.0,7360494.0,,,,,,,,,,,,
2024-05-16,0.1210482,0.1210482,0.0,7932645.0,,,,,,,,,,,,
2024-05-17,0.1430011,0.1430011,0.0,7107119.0,,,,,,,,,,,,
2024-05-18,0.13500009999999998,0.13500009999999998,0.0,7538332.0,,,,,,,,,,,,
2024-05-19,0.1255668,0.1255668,0.0,7969193.0,,,,,,,,,,,,
2024-05-20,0.1287284,0.1287284,0.0,8008306.0,,,,,,,,,,,,
2024-05-21,0.1593782,0.1593782,0.0,7139287.0,,,,,,,,,,,,
2024-05-22,0.1937052,0.1937052,0.0,6526475.0,,,,,,,,,,,,
2024-05-23,0.16990960000000002,0.16990960000000002,0.0,6977474.0,,,,,,,,,,,,
2024-05-24,0.1612679,0.1612679,0.0,7118533.0,,,,,,,,,,,,
2024-05-25,0.1364993,0.1364993,0.0,7851587.0,,,,,,,,,,,,
2024-05-26,0.1312034,0.1312034,0.0,7737556.0,,,,,,,,,,,,
2024-05-27,0.162254,0.162254,0.0,6839193.0,,,,,,,,,,,,
2024-05-28,0.2125353,0.2125353,0.0,5977205.0,,,,,,,,,,,,
2024-05-29,0.1701809,0.1701809,0.0,6665828.0,,,,,,,,,,,,
2024-05-30,0.16511230000000002,0.16511230000000002,0.0,6746521.0,,,,,,,,,,,,
2024-05-31,0.1386304,0.1386304,0.0,7369795.0,,,,,,,,,,,,
2024-06-01,0.1335727,0.1335727,0.0,7560164.0,,,,,,,,,,,,
2024-06-02,0.1421908,0.1421908,0.0,7142728.0,,,,,,,,,,,,
2024-06-03,0.1539585,0.1539585,0.0,6965304.0,,,,,,,,,,,,
2024-06-04,0.1588186,0.1588186,0.0,6919828.0,,,,,,,,,,,,
2024-06-05,0.1391415,0.1391415,0.0,7465114.0,,,,,,,,,,,,
2024-06-06,0.1401771,0.1401771,0.0,7588031.0,,,,,,,,,,,,
2024-06-07,0.1627111,0.1627111,0.0,7078820.0,,,,,,,,,,,,
2024-06-08,0.1378354,0.1378354,0.0,7641850.0,,,,,,,,,,,,
2024-06-09,0.13635070000000002,0.13635070000000002,0.0,7663935.0,,,,,,,,,,,,
2024-06-10,0.1268541,0.1268541,0.0,8019686.0,,,,,,,,,,,,
2024-06-11,0.1324951,0.1324951,0.0,7559356.0,,,,,,,,,,,,
2024-06-12,0.24379169999999997,0.24379169999999997,0.0,5269905.0,,,,,,,,,,,,
2024-06-13,0.1513398,0.1513398,0.0,6850561.0,,,,,,,,,,,,
2024-06-14,0.21311270000000002,0.21311270000000002,0.0,5954198.0,,,,,,,,,,,,
2024-06-15,0.1544446,0.1544446,0.0,7067133.0,,,,,,,,,,,,
2024-06-16,0.1900639,0.1900639,0.0,6375733.0,,,,,,,,,,,,
2024-06-17,0.12486599999999999,0.12486599999999999,0.0,8108243.0,,,,,,,,,,,,
2024-06-18,0.1127479,0.1127479,0.0,8575015.0,,,,,,,,,,,,
2024-06-19,0.1304836,0.1304836,0.0,8403696.0,,,,,,,,,,,,
2024-06-20,0.1554064,0.1554064,0.0,8033472.0,,,,,,,,,,,,
2024-06-21,0.2433727,0.2433727,0.0,6417126.0,,,,,,,,,,,,
2024-06-22,0.144855,0.144855,0.0,8481067.0,,,,,,,,,,,,
2024-06-23,0.13543760000000002,0.13543760000000002,0.0,8977092.0,,,,,,,,,,,,
2024-06-24,0.1628136,0.1628136,0.0,8091436.0,,,,,,,,,,,,
2024-06-25,0.1318493,0.1318493,0.0,8528791.0,,,,,,,,,,,,
2024-06-26,0.12634610000000002,0.12634610000000002,0.0,8786558.0,,,,,,,,,,,,
2024-06-27,0.1808457,0.1808457,0.0,7181962.0,,,,,,,,,,,,
2024-06-28,0.1674233,0.1674233,0.0,7572611.0,,,,,,,,,,,,
2024-06-29,0.1495947,0.1495947,0.0,7926622.0,,,,,,,,,,,,
2024-06-30,0.1362933,0.1362933,0.0,8592335.0,,,,,,,,,,,,
2024-07-01,0.1571663,0.1571663,0.0,7964665.0,,,,,,,,,,,,
2024-07-02,0.1072329,0.1072329,0.0,9519553.0,,,,,,,,,,,,
2024-07-03,0.1398924,0.1398924,0.0,8730527.0,,,,,,,,,,,,
2024-07-04,0.1345633,0.1345633,0.0,9081528.0,,,,,,,,,,,,
2024-07-05,0.1236145,0.1236145,0.0,9799082.0,,,,,,,,,,,,
2024-07-06,0.11930529999999999,0.11930529999999999,0.0,9990238.0,,,,,,,,,,,,
2024-07-07,0.1077323,0.1077323,0.0,10485629.0,,,,,,,,,,,,
2024-07-08,0.10749879999999999,0.10749879999999999,0.0,10004318.0,,,,,,,,,,,,
2024-07-09,0.0958752,0.0958752,0.0,10123367.0,,,,,,,,,,,,
2024-07-10,0.1126313,0.1126313,0.0,9300114.0,,,,,,,,,,,,
2024-07-11,0.0511005,0.0511005,0.0,12162720.0,,,,,,,,,,,,
2024-07-12,0.09885350000000001,0.09885350000000001,0.0,9280313.0,,,,,,,,,,,,
2024-07-13,0.1006266,0.1006266,0.0,9475590.0,,,,,,,,,,,,
2024-07-14,0.0952506,0.0952506,0.0,9663604.0,,,,,,,,,,,,
2024-07-15,0.0874011,0.0874011,0.0,10402858.0,,,,,,,,,,,,
2024-07-16,0.1043964,0.1043964,0.0,9807697.0,,,,,,,,,,,,
2024-07-17,0.1181846,0.1181846,0.0,9282657.0,,,,,,,,,,,,
2024-07-18,0.1261216,0.1261216,0.0,8900134.0,,,,,,,,,,,,
2024-07-19,0.10376289999999999,0.10376289999999999,0.0,10347205.0,,,,,,,,,,,,
2024-07-20,0.10815849999999999,0.10815849999999999,0.0,10254966.0,,,,,,,,,,,,
2024-07-21,0.0908638,0.0908638,0.0,11376138.0,,,,,,,,,,,,
2024-07-22,0.102178,0.102178,0.0,10781700.0,,,,,,,,,,,,
2024-07-23,0.1319464,0.1319464,0.0,9421610.0,,,,,,,,,,,,
2024-07-24,0.1030927,0.1030927,0.0,11013211.0,,,,,,,,,,,,
2024-07-25,0.1132198,0.1132198,0.0,9938410.0,,,,,,,,,,,,
2024-07-26,0.1154763,0.1154763,0.0,9760512.0,,,,,,,,,,,,
2024-07-27,0.052016799999999995,0.052016799999999995,0.0,14376802.0,,,,,,,,,,,,
2024-07-28,0.10184990000000001,0.10184990000000001,0.0,10887393.0,,,,,,,,,,,,
2024-07-29,0.1658371,0.1658371,0.0,8385100.0,,,,,,,,,,,,
2024-07-30,0.13336130000000002,0.13336130000000002,0.0,9676000.0,,,,,,,,,,,,
2024-07-31,0.1650569,0.1650569,0.0,8386722.0,,,,,,,,,,,,
2024-08-01,0.12798790000000002,0.12798790000000002,0.0,9663436.0,,,,,,,,,,,,
2024-08-02,0.2301473,0.2301473,0.0,7203954.0,,,,,,,,,,,,
2024-08-03,0.1533298,0.1533298,0.0,9583545.0,,,,,,,,,,,,
2024-08-04,0.1526621,0.1526621,0.0,9369789.0,,,,,,,,,,,,
2024-08-05,0.0939301,0.0939301,0.0,12639527.0,,,,,,,,,,,,
2024-08-06,0.10313689999999999,0.10313689999999999,0.0,12248498.0,,,,,,,,,,,,
2024-08-07,0.0938914,0.0938914,0.0,12975315.0,,,,,,,,,,,,
2024-08-08,0.1257883,0.1257883,0.0,11810677.0,,,,,,,,,,,,
2024-08-09,0.1053692,0.1053692,0.0,13054630.0,,,,,,,,,,,,
2024-08-10,0.13161899999999999,0.13161899999999999,0.0,10867275.0,,,,,,,,,,,,
2024-08-11,0.11854490000000001,0.11854490000000001,0.0,11657503.0,,,,,,,,,,,,
2024-08-12,0.10824479999999999,0.10824479999999999,0.0,12251767.0,,,,,,,,,,,,
2024-08-13,0.1024618,0.1024618,0.0,12665817.0,,,,,,,,,,,,
2024-08-14,0.10913869999999999,0.10913869999999999,0.0,12375242.0,,,,,,,,,,,,
2024-08-15,0.0916284,0.0916284,0.0,12918815.0,,,,,,,,,,,,
2024-08-16,0.0919683,0.0919683,0.0,12900228.0,,,,,,,,,,,,
2024-08-17,0.09604599999999999,0.09604599999999999,0.0,12212153.0,,,,,,,,,,,,
2024-08-18,0.08464819999999999,0.08464819999999999,0.0,12755960.0,,,,,,,,,,,,
2024-08-19,0.1062983,0.1062983,0.0,11612401.0,,,,,,,,,,,,
2024-08-20,0.1103947,0.1103947,0.0,11416441.0,,,,,,,,,,,,
2024-08-21,0.10230729999999999,0.10230729999999999,0.0,11853100.0,,,,,,,,,,,,
2024-08-22,0.1075719,0.1075719,0.0,11464627.0,,,,,,,,,,,,
2024-08-23,0.1034041,0.1034041,0.0,12211123.0,,,,,,,,,,,,
2024-08-24,0.1172653,0.1172653,0.0,11219811.0,,,,,,,,,,,,
2024-08-25,0.085861,0.085861,0.0,13102344.0,,,,,,,,,,,,
2024-08-26,0.09276820000000001,0.09276820000000001,0.0,12299515.0,,,,,,,,,,,,
2024-08-27,0.1095536,0.1095536,0.0,10835424.0,,,,,,,,,,,,
2024-08-28,0.0522197,0.0522197,0.0,14019144.0,,,,,,,,,,,,
2024-08-29,0.0238956,0.0238956,0.0,19242464.0,,,,,,,,,,,,
2024-08-30,0.053723799999999995,0.053723799999999995,0.0,13600804.0,,,,,,,,,,,,
2024-08-31,0.0459715,0.0459715,0.0,13983166.0,,,,,,,,,,,,
2024-09-01,0.0509856,0.0509856,0.0,13171808.0,,,,,,,,,,,,
2024-09-02,0.0655431,0.0655431,0.0,11083603.0,,,,,,,,,,,,
2024-09-03,0.059956699999999995,0.059956699999999995,0.0,11402045.0,,,,,,,,,,,,
2024-09-04,0.043190900000000004,0.043190900000000004,0.0,13253867.0,,,,,,,,,,,,
2024-09-05,0.053165699999999996,0.053165699999999996,0.0,11439015.0,,,,,,,,,,,,
2024-09-06,0.04042,0.04042,0.0,12820867.0,,,,,,,,,,,,
2024-09-07,0.0401384,0.0401384,0.0,12377621.0,,,,,,,,,,,,
2024-09-08,0.0395443,0.0395443,0.0,12477742.0,,,,,,,,,,,,
2024-09-09,0.040179900000000005,0.040179900000000005,0.0,12513985.0,,,,,,,,,,,,
2024-09-10,0.033681800000000005,0.033681800000000005,0.0,13246783.0,,,,,,,,,,,,
2024-09-11,0.039676300000000005,0.039676300000000005,0.0,11998991.0,,,,,,,,,,,,
2024-09-12,0.0328178,0.0328178,0.0,12465692.0,,,,,,,,,,,,
2024-09-13,0.0411196,0.0411196,0.0,11220115.0,,,,,,,,,,,,
2024-09-14,0.0414602,0.0414602,0.0,11161319.0,,,,,,,,,,,,
2024-09-15,0.045287600000000004,0.045287600000000004,0.0,10836915.0,,,,,,,,,,,,
2024-09-16,0.043443300000000004,0.043443300000000004,0.0,10914835.0,,,,,,,,,,,,
2024-09-17,0.049504200000000005,0.049504200000000005,0.0,10295541.0,,,,,,,,,,,,
2024-09-18,0.0498923,0.0498923,0.0,10060715.0,,,,,,,,,,,,
2024-09-19,0.0564541,0.0564541,0.0,9655792.0,,,,,,,,,,,,
2024-09-20,0.0446137,0.0446137,0.0,10521331.0,,,,,,,,,,,,
2024-09-21,0.0510195,0.0510195,0.0,9755094.0,,,,,,,,,,,,
2024-09-22,0.054907199999999996,0.054907199999999996,0.0,9396843.0,,,,,,,,,,,,
2024-09-23,0.0492094,0.0492094,0.0,9854451.0,,,,,,,,,,,,
2024-09-24,0.0661105,0.0661105,0.0,9282775.0,,,,,,,,,,,,
2024-09-25,0.0430401,0.0430401,0.0,10525581.0,,,,,,,,,,,,
2024-09-26,0.059040600000000006,0.059040600000000006,0.0,9359354.0,,,,,,,,,,,,
2024-09-27,0.0396528,0.0396528,0.0,11234327.0,,,,,,,,,,,,
2024-09-28,0.051915199999999995,0.051915199999999995,0.0,9755981.0,,,,,,,,,,,,
2024-09-29,0.0500228,0.0500228,0.0,10099910.0,,,,,,,,,,,,
2024-09-30,0.045031999999999996,0.045031999999999996,0.0,10565331.0,,,,,,,,,,,,
2024-10-01,0.049949099999999996,0.049949099999999996,0.0,10048160.0,,,,,,,,,,,,
2024-10-02,0.021516,0.021516,0.0,13847907.0,,,,,,,,,,,,
2024-10-03,0.0386059,0.0386059,0.0,11634335.0,,,,,,,,,,,,
2024-10-04,0.0411815,0.0411815,0.0,11264654.0,,,,,,,,,,,,
2024-10-05,0.0353748,0.0353748,0.0,11926530.0,,,,,,,,,,,,
2024-10-06,0.0281616,0.0281616,0.0,12215012.0,,,,,,,,,,,,
2024-10-07,0.048379700000000005,0.048379700000000005,0.0,9785783.0,,,,,,,,,,,,
2024-10-08,0.0731208,0.0731208,0.0,8183669.0,,,,,,,,,,,,
2024-10-09,0.0823474,0.0823474,0.0,7726387.0,,,,,,,,,,,,
2024-10-10,0.0682927,0.0682927,0.0,8162285.0,,,,,,,,,,,,
2024-10-11,0.0472654,0.0472654,0.0,9530969.0,,,,,,,,,,,,
2024-10-12,0.0489943,0.0489943,0.0,9340358.0,,,,,,,,,,,,
2024-10-13,0.0632748,0.0632748,0.0,8755793.0,,,,,,,,,,,,
2024-10-14,0.07011289999999999,0.07011289999999999,0.0,8595888.0,,,,,,,,,,,,
2024-10-15,0.0631588,0.0631588,0.0,9037303.0,,,,,,,,,,,,
2024-10-16,0.06265559999999999,0.06265559999999999,0.0,9026380.0,,,,,,,,,,,,
2024-10-17,0.0604506,0.0604506,0.0,9381469.0,,,,,,,,,,,,
2024-10-18,0.0511563,0.0511563,0.0,9825504.0,,,,,,,,,,,,
2024-10-19,0.046298000000000006,0.046298000000000006,0.0,10327410.0,,,,,,,,,,,,
2024-10-20,0.0656697,0.0656697,0.0,8983923.0,,,,,,,,,,,,
2024-10-21,0.0499812,0.0499812,0.0,10111551.0,,,,,,,,,,,,
2024-10-22,0.0631029,0.0631029,0.0,9309916.0,,,,,,,,,,,,
2024-10-23,0.06536159999999999,0.06536159999999999,0.0,9616841.0,,,,,,,,,,,,
2024-10-24,0.0601539,0.0601539,0.0,10281364.0,,,,,,,,,,,,
2024-10-25,0.063065,0.063065,0.0,10029824.0,,,,,,,,,,,,
2024-10-26,0.0768909,0.0768909,0.0,9386962.0,,,,,,,,,,,,
2024-10-27,0.07301669999999999,0.07301669999999999,0.0,9615255.0,,,,,,,,,,,,
2024-10-28,0.0760926,0.0760926,0.0,9530801.0,,,,,,,,,,,,
2024-10-29,0.1168227,0.1168227,0.0,7578685.0,,,,,,,,,,,,
2024-10-30,0.0766522,0.0766522,0.0,9560313.0,,,,,,,,,,,,
2024-10-31,0.0872482,0.0872482,0.0,9067014.0,,,,,,,,,,,,
2024-11-01,0.0813451,0.0813451,0.0,9240274.0,,,,,,,,,,,,
2024-11-02,0.07969960000000001,0.07969960000000001,0.0,9314282.0,,,,,,,,,,,,
2024-11-03,0.09503,0.09503,0.0,8569022.0,,,,,,,,,,,,
2024-11-04,0.0780136,0.0780136,0.0,9427483.0,,,,,,,,,,,,
2024-11-05,0.0845862,0.0845862,0.0,9077275.0,,,,,,,,,,,,
2024-11-06,0.0688675,0.0688675,0.0,10463717.0,,,,,,,,,,,,
2024-11-07,0.052465700000000004,0.052465700000000004,0.0,11512970.0,,,,,,,,,,,,
2024-11-08,0.054213500000000005,0.054213500000000005,0.0,11980696.0,,,,,,,,,,,,
2024-11-09,0.053245100000000004,0.053245100000000004,0.0,12357102.0,,,,,,,,,,,,
2024-11-10,0.0632152,0.0632152,0.0,11811164.0,,,,,,,,,,,,
2024-11-11,0.0768022,0.0768022,0.0,12070277.0,,,,,,,,,,,,
2024-11-12,0.1076834,0.1076834,0.0,10533809.0,,,,,,,,,,,,
2024-11-13,0.08900690000000001,0.08900690000000001,0.0,11905776.0,,,,,,,,,,,,
2024-11-14,0.0956164,0.0956164,0.0,11782926.0,,,,,,,,,,,,
2024-11-15,0.09480330000000001,0.09480330000000001,0.0,12014349.0,,,,,,,,,,,,
2024-11-16,0.0889857,0.0889857,0.0,12626655.0,,,,,,,,,,,,
2024-11-17,0.0960365,0.0960365,0.0,12989154.0,,,,,,,,,,,,
2024-11-18,0.1491846,0.1491846,0.0,10209872.0,,,,,,,,,,,,
2024-11-19,0.196072,0.196072,0.0,9261512.0,,,,,,,,,,,,
2024-11-20,0.10268240000000001,0.10268240000000001,0.0,13164367.0,,,,,,,,,,,,
2024-11-21,0.10771140000000001,0.10771140000000001,0.0,13105981.0,,,,,,,,,,,,
2024-11-22,0.1278677,0.1278677,0.0,11778707.0,,,,,,,,,,,,
2024-11-23,0.1220257,0.1220257,0.0,12335419.0,,,,,,,,,,,,
2024-11-24,0.1249658,0.1249658,0.0,11633759.0,,,,,,,,,,,,
2024-11-25,0.171931,0.171931,0.0,9874868.0,,,,,,,,,,,,
2024-11-26,0.12273400000000001,0.12273400000000001,0.0,12647401.0,,,,,,,,,,,,
2024-11-27,0.125861,0.125861,0.0,12930787.0,,,,,,,,,,,,
2024-11-28,0.1147812,0.1147812,0.0,13700010.0,,,,,,,,,,,,
2024-11-29,0.1190665,0.1190665,0.0,13748815.0,,,,,,,,,,,,
2024-11-30,0.10998229999999999,0.10998229999999999,0.0,14521354.0,,,,,,,,,,,,
2024-12-01,0.1254609,0.1254609,0.0,13286133.0,,,,,,,,,,,,
2024-12-02,0.1455948,0.1455948,0.0,11748015.0,,,,,,,,,,,,
2024-12-03,0.16865960000000002,0.16865960000000002,0.0,10870874.0,,,,,,,,,,,,
2024-12-04,0.1437052,0.1437052,0.0,11677354.0,,,,,,,,,,,,
2024-12-05,0.2915433,0.2915433,0.0,6921730.0,,,,,,,,,,,,
2024-12-06,0.1527788,0.1527788,0.0,11407265.0,,,,,,,,,,,,
2024-12-07,0.1325968,0.1325968,0.0,12265339.0,,,,,,,,,,,,
2024-12-08,0.2480953,0.2480953,0.0,8229430.0,,,,,,,,,,,,
2024-12-09,0.22845569999999998,0.22845569999999998,0.0,8807360.0,,,,,,,,,,,,
2024-12-10,0.1219388,0.1219388,0.0,12789396.0,,,,,,,,,,,,
2024-12-11,0.1269959,0.1269959,0.0,12474356.0,,,,,,,,,,,,
2024-12-12,0.1930549,0.1930549,0.0,10504706.0,,,,,,,,,,,,
2024-12-13,0.1707705,0.1707705,0.0,11241886.0,,,,,,,,,,,,
2024-12-14,0.14879720000000002,0.14879720000000002,0.0,12242774.0,,,,,,,,,,,,
2024-12-15,0.18586290000000003,0.18586290000000003,0.0,10829550.0,,,,,,,,,,,,
2024-12-16,0.11958790000000001,0.11958790000000001,0.0,13508765.0,,,,,,,,,,,,
2024-12-17,0.0848776,0.0848776,0.0,16841533.0,,,,,,,,,,,,
2024-12-18,0.1233742,0.1233742,0.0,13396792.0,,,,,,,,,,,,
2024-12-19,0.0776835,0.0776835,0.0,17985344.0,,,,,,,,,,,,
2024-12-20,0.1128898,0.1128898,0.0,14313189.0,,,,,,,,,,,,
2024-12-21,0.109184,0.109184,0.0,16297459.0,,,,,,,,,,,,
2024-12-22,0.1077455,0.1077455,0.0,16683459.0,,,,,,,,,,,,
2024-12-23,0.1006383,0.1006383,0.0,17057270.0,,,,,,,,,,,,
2024-12-24,0.0973059,0.0973059,0.0,17710528.0,,,,,,,,,,,,
2024-12-25,0.0970543,0.0970543,0.0,17825328.0,,,,,,,,,,,,
2024-12-26,0.10380779999999999,0.10380779999999999,0.0,17383323.0,,,,,,,,,,,,
2024-12-27,0.09800060000000001,0.09800060000000001,0.0,17943481.0,,,,,,,,,,,,
2024-12-28,0.1029295,0.1029295,0.0,17484835.0,,,,,,,,,,,,
2024-12-29,0.1071394,0.1071394,0.0,17298699.0,,,,,,,,,,,,
2024-12-30,0.0977338,0.0977338,0.0,18260079.0,,,,,,,,,,,,
2024-12-31,0.1039918,0.1039918,0.0,18099032.0,,,,,,,,,,,,
2025-01-01,0.1010487,0.1010487,0.0,18402355.0,,,,,,,,,,,,
2025-01-02,0.0919766,0.0919766,0.0,19614191.0,,,,,,,,,,,,
2025-01-03,0.0961588,0.0961588,0.0,19967082.0,,,,,,,,,,,,
2025-01-04,0.097598,0.097598,0.0,20101246.0,,,,,,,,,,,,
2025-01-05,0.0906495,0.0906495,0.0,20805644.0,,,,,,,,,,,,
2025-01-06,0.0728367,0.0728367,0.0,23306846.0,,,,,,,,,,,,
2025-01-07,0.0713132,0.0713132,0.0,23953623.0,,,,,,,,,,,,
2025-01-08,0.08637829999999999,0.08637829999999999,0.0,21776409.0,,,,,,,,,,,,
2025-01-09,0.0691353,0.0691353,0.0,23628449.0,,,,,,,,,,,,
2025-01-10,0.0754337,0.0754337,0.0,22860482.0,,,,,,,,,,,,
2025-01-11,0.0691687,0.0691687,0.0,23965161.0,,,,,,,,,,,,
2025-01-12,0.0542722,0.0542722,0.0,25635630.0,,,,,,,,,,,,
2025-01-13,0.0767956,0.0767956,0.0,23004162.0,,,,,,,,,,,,
2025-01-14,0.0732271,0.0732271,0.0,23975995.0,,,,,,,,,,,,
2025-01-15,0.0662923,0.0662923,0.0,25440128.0,,,,,,,,,,,,
2025-01-16,0.0538384,0.0538384,0.0,29233052.0,,,,,,,,,,,,
2025-01-17,0.053363100000000004,0.053363100000000004,0.0,29843483.0,,,,,,,,,,,,
2025-01-18,0.0728601,0.0728601,0.0,29454572.0,,,,,,,,,,,,
2025-01-19,0.023937499999999997,0.023937499999999997,0.0,44156427.0,,,,,,,,,,,,
2025-01-20,0.053856299999999996,0.053856299999999996,0.0,32348376.0,,,,,,,,,,,,
2025-01-21,0.059211299999999994,0.059211299999999994,0.0,33141072.0,,,,,,,,,,,,
2025-01-22,0.053945999999999994,0.053945999999999994,0.0,33775184.0,,,,,,,,,,,,
2025-01-23,0.0513269,0.0513269,0.0,33405923.0,,,,,0.1602646,0.1522,0.0080646,10420912.0,,,,
2025-01-24,0.0488172,0.0488172,0.0,34288832.0,,,,,0.08129120000000001,0.0729,0.0083912,9864541.0,,,,
2025-01-25,0.0481151,0.0481151,0.0,34332033.0,,,,,0.0639194,0.055999999999999994,0.0079194,10099932.0,,,,
2025-01-26,0.0423505,0.0423505,0.0,36366858.0,,,,,0.05230870000000001,0.0435,0.008808700000000001,8921182.0,,,,
2025-01-27,0.0643881,0.0643881,0.0,30215682.0,,,,,0.1613513,0.1535,0.0078513,9022717.0,,,,
2025-01-28,0.0649548,0.0649548,0.0,30095982.0,,,,,0.0828389,0.07490000000000001,0.0079389,8581836.0,,,,
2025-01-29,0.0676159,0.0676159,0.0,31278872.0,,,,,0.08654780000000001,0.0779,0.0086478,8389642.0,,,,
2025-01-30,0.059592099999999995,0.059592099999999995,0.0,33950300.0,,,,,0.046159900000000004,0.0369,0.0092599,8770567.0,,,,
2025-01-31,0.0625626,0.0625626,0.0,33852843.0,,,,,0.0515022,0.042,0.009502199999999999,7743063.0,,,,
2025-02-01,0.0617576,0.0617576,0.0,34093935.0,,,,,0.07025680000000001,0.0613,0.008956800000000001,7316896.0,,,,
2025-02-02,0.0721349,0.0721349,0.0,31426517.0,,,,,0.13128679999999998,0.1235,0.0077868,7255799.0,,,,
2025-02-03,0.0733713,0.0733713,0.0,31750568.0,,,,,0.2679545,0.2571,0.0108545,6108775.0,,,,
2025-02-04,0.063218,0.063218,0.0,33971023.0,,,,,0.13061040000000002,0.1198,0.0108104,5959864.0,,,,
2025-02-05,0.0674041,0.0674041,0.0,34138291.0,,,,,0.10269629999999999,0.09359999999999999,0.0090963,6109183.0,,,,
2025-02-06,0.0652489,0.0652489,0.0,34750037.0,,,,,0.07315540000000001,0.0635,0.0096554,5709040.0,,,,
2025-02-07,0.0636877,0.0636877,0.0,35922877.0,,,,,0.07518169999999999,0.0663,0.0088817,5710346.0,,,,
2025-02-08,0.0668301,0.0668301,0.0,34719061.0,,,,,0.040525000000000005,0.0316,0.008924999999999999,5791356.0,,,,
2025-02-09,0.0651633,0.0651633,0.0,35591514.0,,,,,0.0310611,0.0222,0.0088611,5465479.0,,,,
2025-02-10,0.06273920000000001,0.06273920000000001,0.0,37262669.0,,,,,0.061208200000000004,0.0512,0.0100082,5447447.0,,,,
2025-02-11,0.0625719,0.0625719,0.0,38317541.0,,,,,0.052905600000000004,0.042699999999999995,0.010205599999999999,5460936.0,,,,
2025-02-12,0.0628171,0.0628171,0.0,37945136.0,,,,,0.0565261,0.046900000000000004,0.0096261,5754817.0,,,,
2025-02-13,0.0602071,0.0602071,0.0,38742827.0,,,,,0.0567095,0.0466,0.0101095,5393425.0,,,,
2025-02-14,0.0655943,0.0655943,0.0,38627701.0,,,,,0.0932918,0.0825,0.0107918,5387425.0,,,,
2025-02-15,0.0593476,0.0593476,0.0,40236352.0,,,,,0.0252908,0.0148,0.0104908,5237923.0,,,,
2025-02-16,0.06082220000000001,0.06082220000000001,0.0,39806083.0,,,,,0.0284869,0.019,0.0094869,5464372.0,,,,
2025-02-17,0.0606708,0.0606708,0.0,38933061.0,,,,,0.048844700000000005,0.04019999999999999,0.0086447,5718750.0,,,,
2025-02-18,0.0476502,0.0476502,0.0,41174668.0,,,,,0.0911389,0.0837,0.007438900000000001,5888344.0,,,,
2025-02-19,0.0656542,0.0656542,0.0,35729699.0,,,,,0.061037100000000004,0.0533,0.0077371,5661389.0,,,,
2025-02-20,0.0635214,0.0635214,0.0,36809436.0,,,,,0.0396612,0.0318,0.0078612,5968964.0,,,,
2025-02-21,0.07724059999999999,0.07724059999999999,0.0,34148141.0,,,,,0.0605207,0.053399999999999996,0.0071207,6321634.0,,,,
2025-02-22,0.0717002,0.0717002,0.0,34321369.0,,,,,0.0478856,0.039900000000000005,0.0079856,5640529.0,,,,
2025-02-23,0.0722578,0.0722578,0.0,35137852.0,,,,,0.0218425,0.0146,0.0072425,6013458.0,,,,
2025-02-24,0.0595135,0.0595135,0.0,38002442.0,,,,,0.10457620000000001,0.0993,0.0052762,5934466.0,,,,
2025-02-25,0.029626700000000002,0.029626700000000002,0.0,45274715.0,,,,,0.19739159999999997,0.1929,0.0044916,5948398.0,,,,
2025-02-26,0.0689856,0.0689856,0.0,38553208.0,,,,,0.1487286,0.1447,0.0040286,6291609.0,,,,
2025-02-27,0.061808100000000005,0.061808100000000005,0.0,40672843.0,,,,,0.1133534,0.1097,0.0036534,6317267.0,,,,
2025-02-28,0.0493142,0.0493142,0.0,43690515.0,,,,,0.2824099,0.2776,0.0048099,5214427.0,,,,
2025-03-01,0.063847,0.063847,0.0,38493709.0,,,,,0.060769000000000004,0.0571,0.003669,6530233.0,,,,
2025-03-02,0.0611503,0.0611503,0.0,40911874.0,,,,,0.16748449999999998,0.1641,0.0033845,8481198.0,,,,
2025-03-03,0.052084700000000005,0.052084700000000005,0.0,42390918.0,,,,,0.1332896,0.1306,0.0026896,8665546.0,,,,
2025-03-04,0.0550711,0.0550711,0.0,40755736.0,,,,,0.1283147,0.1257,0.0026146999999999998,8682349.0,,,,
2025-03-05,0.0616954,0.0616954,0.0,40753591.0,,,,,0.036908699999999996,0.034300000000000004,0.0026087,8656022.0,,,,
2025-03-06,0.0595038,0.0595038,0.0,41894365.0,,,,,0.020190800000000002,0.0177,0.0024908,8680291.0,,,,
2025-03-07,0.0521504,0.0521504,0.0,44524740.0,,,,,0.0313259,0.0288,0.0025258999999999998,8679129.0,,,,
2025-03-08,0.042950499999999996,0.042950499999999996,0.0,47665243.0,,,,,0.0252487,0.0229,0.0023487,8377725.0,,,,
2025-03-09,0.053337,0.053337,0.0,43928289.0,,,,,0.0157038,0.013500000000000002,0.0022038,7925689.0,,,,
2025-03-10,0.0357153,0.0357153,0.0,48541583.0,,,,,0.0842341,0.0823,0.0019341,8419816.0,,,,
2025-03-11,0.0386299,0.0386299,0.0,46888887.0,,,,,0.037339000000000004,0.0354,0.001939,8512962.0,,,,
2025-03-12,0.0375368,0.0375368,0.0,47372957.0,,,,,0.0166948,0.0148,0.0018948,8537218.0,,,,
2025-03-13,0.0444773,0.0444773,0.0,45454861.0,,,,,0.0228615,0.021,0.0018615,8439431.0,,,,
2025-03-14,0.045817899999999995,0.045817899999999995,0.0,45268400.0,,,,,0.027399,0.0254,0.001999,8457760.0,,,,
2025-03-15,0.0398399,0.0398399,0.0,47714246.0,,,,,0.0166408,0.014499999999999999,0.0021408,8329642.0,,,,
2025-03-16,0.046796300000000006,0.046796300000000006,0.0,46872529.0,,,,,0.0098573,0.0079,0.0019573,8337170.0,,,,
2025-03-17,0.044719800000000004,0.044719800000000004,0.0,47299962.0,,,,,0.0105959,0.0084,0.0021959,8207575.0,,,,
2025-03-18,0.0425315,0.0425315,0.0,48216902.0,,,,,0.024490400000000002,0.022099999999999998,0.0023904,8178247.0,,,,
2025-03-19,0.0449314,0.0449314,0.0,47539099.0,,,,,0.0263981,0.023799999999999998,0.0025981,7628465.0,,,,
2025-03-20,0.0499357,0.0499357,0.0,45747537.0,,,,,0.049030199999999996,0.046799999999999994,0.0022302,7893883.0,,,,
2025-03-21,0.054478200000000004,0.054478200000000004,0.0,44822526.0,,,,,0.0423025,0.039900000000000005,0.0024025,7601379.0,,,,
2025-03-22,0.052562300000000006,0.052562300000000006,0.0,45812239.0,,,,,0.0202951,0.0179,0.0023951,7656286.0,,,,
2025-03-23,0.0529352,0.0529352,0.0,45548382.0,,,,,0.010296099999999999,0.008,0.0022961,7965029.0,,,,
2025-03-24,0.0465839,0.0465839,0.0,47316222.0,,,,,0.0333364,0.030699999999999998,0.0026363999999999997,7586411.0,,,,
2025-03-25,0.047915200000000005,0.047915200000000005,0.0,46787736.0,,,,,0.033893599999999996,0.0313,0.0025935999999999997,7857475.0,,,,
2025-03-26,0.0463046,0.0463046,0.0,48133658.0,,,,,0.024803799999999997,0.0222,0.0026038,7867100.0,,,,
2025-03-27,0.045951700000000005,0.045951700000000005,0.0,48678803.0,,,,,0.0272356,0.0245,0.0027356000000000004,7823400.0,,,,
2025-03-28,0.048942,0.048942,0.0,47983876.0,,,,,0.0283473,0.0259,0.0024473,7849202.0,,,,
2025-03-29,0.04874729999999999,0.04874729999999999,0.0,48146855.0,,,,,0.0444752,0.0421,0.0023752,7466309.0,,,,
2025-03-30,0.0383991,0.0383991,0.0,52387423.0,,,,,0.022930700000000002,0.020499999999999997,0.0024307,7447585.0,,,,
2025-03-31,0.043333500000000004,0.043333500000000004,0.0,50393131.0,,,,,0.0198613,0.0175,0.0023613,7482871.0,,,,
2025-04-01,0.0442279,0.0442279,0.0,49956327.0,,,,,0.0170375,0.014499999999999999,0.0025375,7434502.0,,,,
2025-04-02,0.0388395,0.0388395,0.0,53623240.0,,,,,0.0187092,0.016,0.0027092,7273698.0,,,,
2025-04-03,0.0334658,0.0334658,0.0,55191100.0,,,,,0.0465404,0.043899999999999995,0.0026403999999999998,7062920.0,,,,
2025-04-04,0.041577,0.041577,0.0,51443453.0,,,,,0.0581328,0.0554,0.0027328,7135551.0,,,,
2025-04-05,0.0401252,0.0401252,0.0,52078535.0,,,,,0.019423,0.0168,0.002623,7071505.0,,,,
2025-04-06,0.056531599999999994,0.056531599999999994,0.0,48617242.0,,,,,0.0802305,0.0779,0.0023305,6968261.0,,,,
2025-04-07,0.0438621,0.0438621,0.0,51038472.0,,,,,0.1040784,0.1016,0.0024784,6971952.0,,,,
2025-04-08,0.0367466,0.0367466,0.0,52432426.0,,,,,0.0704014,0.0681,0.0023014000000000003,7128238.0,,,,
2025-04-09,0.0430527,0.0430527,0.0,50093483.0,,,,,0.10667109999999999,0.1041,0.0025711,7179838.0,,,,
2025-04-10,0.040395099999999996,0.040395099999999996,0.0,51571674.0,,,,,0.0678021,0.0654,0.0024021,7199409.0,,,,
2025-04-11,0.041336000000000005,0.041336000000000005,0.0,51275169.0,,,,,0.0829908,0.0805,0.0024908,7363207.0,,,,
2025-04-12,0.044917,0.044917,0.0,49951130.0,,,,,0.0613433,0.0584,0.0029433,7139419.0,,,,
2025-04-13,0.0412864,0.0412864,0.0,51575989.0,,,,,0.030914999999999998,0.027999999999999997,0.0029149999999999996,6696101.0,,,,
2025-04-14,0.060636,0.060636,0.0,45391855.0,,,,,0.0234111,0.0204,0.0030111,6963847.0,,,,
2025-04-15,0.0507489,0.0507489,0.0,51128139.0,,,,,0.06865059999999999,0.06570000000000001,0.0029506,7353775.0,,,,
2025-04-16,0.046847,0.046847,0.0,53012605.0,,,,,0.0360523,0.033,0.0030523,7990965.0,,,,
2025-04-17,0.0507859,0.0507859,0.0,51294184.0,,,,,0.0338679,0.0308,0.0030679,7614324.0,,,,
2025-04-18,0.0301553,0.0301553,0.0,61776911.0,,,,,0.026402899999999997,0.0235,0.0029029,7717618.0,,,,
2025-04-19,0.054931900000000006,0.054931900000000006,0.0,49652206.0,,,,,0.012333400000000001,0.009300000000000001,0.0030334,7632210.0,,,,
2025-04-20,0.0533214,0.0533214,0.0,50510439.0,,,,,0.0167279,0.0138,0.0029278999999999998,7637643.0,,,,
2025-04-21,0.0536809,0.0536809,0.0,51375404.0,,,,,0.0231736,0.020099999999999996,0.0030736,7596874.0,,,,
2025-04-22,0.051756399999999994,0.051756399999999994,0.0,52471679.0,,,,,0.047792799999999996,0.043899999999999995,0.0038928,6931823.0,,,,
2025-04-23,0.054094800000000005,0.054094800000000005,0.0,51311157.0,,,,,0.0552358,0.0516,0.0036358000000000002,7447387.0,,,,
2025-04-24,0.0471952,0.0471952,0.0,54513215.0,,,,,0.0297615,0.0263,0.0034615,7786909.0,,,,
2025-04-25,0.0429613,0.0429613,0.0,56344280.0,,,,,0.0327488,0.0294,0.0033488000000000003,8472550.0,,,,
2025-04-26,0.0432337,0.0432337,0.0,56380040.0,,,,,0.0215367,0.018000000000000002,0.0035367,8445837.0,,,,
2025-04-27,0.0450539,0.0450539,0.0,55540895.0,,,,,0.0215721,0.0178,0.0037721,8447825.0,,,,
2025-04-28,0.042986199999999995,0.042986199999999995,0.0,56876823.0,,,,,0.0291097,0.0255,0.0036097,8472259.0,,,,
2025-04-29,0.0436625,0.0436625,0.0,56245441.0,,,,,0.014969,0.0115,0.003469,8505407.0,,,,
2025-04-30,0.0423459,0.0423459,0.0,59186842.0,,,,,0.0181381,0.0146,0.0035381,8162386.0,,,,
2025-05-01,0.0450543,0.0450543,0.0,57954045.0,,,,,0.0245103,0.0208,0.0037103,8138471.0,,,,
2025-05-02,0.0458727,0.0458727,0.0,57720335.0,,,,,0.031216300000000002,0.0275,0.0037163,8044534.0,,,,
2025-05-03,0.0460006,0.0460006,0.0,57806063.0,,,,,0.0311721,0.0278,0.0033721000000000003,8337911.0,,,,
2025-05-04,0.045954800000000004,0.045954800000000004,0.0,57762570.0,,,,,0.0147279,0.011399999999999999,0.0033279,8107211.0,,,,
2025-05-05,0.04985439999999999,0.04985439999999999,0.0,55502033.0,,,,,0.0104492,0.0073,0.0031491999999999996,8489317.0,,,,
2025-05-06,0.0496227,0.0496227,0.0,55749026.0,,,,,0.0190459,0.015700000000000002,0.0033459,7369729.0,,,,
2025-05-07,0.0469386,0.0469386,0.0,56373777.0,,,,,0.026688100000000003,0.0232,0.0034881,7358076.0,,,,
2025-05-08,0.040844500000000006,0.040844500000000006,0.0,59207415.0,,,,,0.0407,0.0407,0.0,8338166.0,,,,
2025-05-09,0.0405637,0.0405637,0.0,59631694.0,,,,,0.0675,0.0675,0.0,8377774.0,,,,
2025-05-10,0.0403048,0.0403048,0.0,59777557.0,,,,,0.0265,0.0265,0.0,8632886.0,,,,
2025-05-11,0.025841,0.025841,0.0,75109392.0,,,,,0.0132,0.0132,0.0,8646698.0,,,,
2025-05-12,0.0412866,0.0412866,0.0,57626272.0,,,,,0.025822699999999997,0.022099999999999998,0.0037227,8579107.0,,,,
2025-05-13,0.04601619999999999,0.04601619999999999,0.0,54743769.0,,,,,0.0186677,0.0146,0.0040677000000000005,8575118.0,,,,
2025-05-14,0.044352499999999996,0.044352499999999996,0.0,55291176.0,,,,,0.035961,0.0319,0.004061,8753223.0,,,,
2025-05-15,0.0584226,0.0584226,0.0,48884761.0,,,,,0.0229136,0.0189,0.0040136,8647470.0,,,,
2025-05-16,0.042741600000000005,0.042741600000000005,0.0,56153438.0,,,,,0.023141,0.0192,0.003941,8654958.0,,,,
2025-05-17,0.044517,0.044517,0.0,55381337.0,,,,,0.011799800000000001,0.008100000000000001,0.0036997999999999996,8637983.0,,,,
2025-05-18,0.0390138,0.0390138,0.0,57994401.0,,,,,0.0150515,0.0111,0.0039515,8621841.0,,,,
2025-05-19,0.0425512,0.0425512,0.0,56476714.0,,,,,0.0128705,0.0091,0.0037705,8653216.0,,,,
2025-05-20,0.0528078,0.0528078,0.0,51687389.0,,,,,0.044583500000000005,0.0407,0.0038835,8536907.0,,,,
2025-05-21,0.0464139,0.0464139,0.0,55109072.0,,,,,0.1800147,0.1761,0.0039147,8671781.0,,,,
2025-05-22,0.0514009,0.0514009,0.0,53898148.0,,,,,0.1070202,0.10300000000000001,0.0040202,8759453.0,,,,
2025-05-23,0.0507842,0.0507842,0.0,55584803.0,,,,,0.0478043,0.0438,0.0040043,8258343.0,,,,
2025-05-24,0.050602,0.050602,0.0,55918331.0,,,,,0.0107936,0.0066,0.0041936000000000005,7925759.0,,,,
2025-05-25,0.0514365,0.0514365,0.0,53620909.0,,,,,0.0139935,0.009899999999999999,0.0040935,7843682.0,,,,
2025-05-26,0.048951,0.048951,0.0,61271587.0,,,,,0.016463000000000002,0.012199999999999999,0.004263,7905064.0,,,,
2025-05-27,0.0489151,0.0489151,0.0,61403277.0,,,,,0.0185882,0.0147,0.0038882,8627580.0,,,,
2025-05-28,0.049033600000000004,0.049033600000000004,0.0,61265902.0,,,,,0.0180074,0.0143,0.0037074,8641652.0,,,,
2025-05-29,0.0520893,0.0520893,0.0,51831420.0,,,,,0.011701699999999999,0.008199999999999999,0.0035017,8572978.0,,,,
2025-05-30,0.045655400000000006,0.045655400000000006,0.0,53057482.0,,,,,0.1045908,0.1016,0.0029908,8716918.0,,,,
2025-05-31,0.044735899999999995,0.044735899999999995,0.0,55944053.0,,,,,0.0196018,0.0166,0.0030018,8714894.0,,,,
2025-06-01,0.0446071,0.0446071,0.0,56366933.0,,,,,0.0178596,0.0148,0.0030596,8711749.0,,,,
2025-06-02,0.045073100000000005,0.045073100000000005,0.0,54913836.0,,,,,0.015719399999999998,0.0126,0.0031194,8104497.0,,,,
2025-06-03,0.0449179,0.0449179,0.0,55555184.0,,,,,0.024124500000000004,0.021099999999999997,0.0030245,8203943.0,,,,
2025-06-04,0.0448055,0.0448055,0.0,55826817.0,,,,,0.0172848,0.014499999999999999,0.0027848,8221034.0,,,,
2025-06-05,0.047549900000000006,0.047549900000000006,0.0,47808576.0,,,,,0.0238464,0.0212,0.0026463999999999997,8231233.0,,,,
2025-06-06,0.044474900000000005,0.044474900000000005,0.0,57791944.0,,,,,0.015146699999999999,0.0124,0.0027467000000000004,8162461.0,,,,
2025-06-07,0.0445976,0.0445976,0.0,57587453.0,,,,,0.0103033,0.0075,0.0028033000000000003,8153964.0,,,,
2025-06-08,0.0454097,0.0454097,0.0,54812691.0,,,,,0.0062025,0.0033,0.0029025,8161978.0,,,,
2025-06-09,0.0497717,0.0497717,0.0,41439847.0,,,,,0.016698900000000003,0.013500000000000002,0.0031989,8150191.0,,,,
2025-06-10,0.0492246,0.0492246,0.0,44101386.0,,,,,0.020550199999999998,0.0173,0.0032502,7870912.0,,,,
2025-06-11,0.0483751,0.0483751,0.0,45764392.0,,,,,0.0400315,0.037000000000000005,0.0030315,7842022.0,,,,
2025-06-12,0.0516048,0.0516048,0.0,36022532.0,,,,,0.0344533,0.0313,0.0031533,7238525.0,,,,
2025-06-13,0.050554699999999994,0.050554699999999994,0.0,38731313.0,,,,,0.0568614,0.0541,0.0027614,7940991.0,,,,
2025-06-14,0.0486853,0.0486853,0.0,44434588.0,,,,,0.0073249,0.0046,0.0027249,7867254.0,,,,
2025-06-15,0.048510099999999994,0.048510099999999994,0.0,43802953.0,,,,,0.0120686,0.0092,0.0028686000000000002,7797204.0,,,,
2025-06-16,0.0516056,0.0516056,0.0,34557616.0,,,,,0.0241,0.0241,0.0,7741813.0,,,,
2025-06-17,0.0524868,0.0524868,0.0,32159025.0,,,,,0.0231216,0.0204,0.0027216000000000002,7767477.0,,,,
2025-06-18,0.052132899999999996,0.052132899999999996,0.0,33127451.0,,,,,0.026480800000000002,0.023700000000000002,0.0027808,7765521.0,,,,
2025-06-19,0.0534108,0.0534108,0.0,29484027.0,,,,,0.028716,0.025699999999999997,0.0030159999999999996,7761090.0,,,,
2025-06-20,0.0495486,0.0495486,0.0,40619497.0,,,,,0.0135035,0.0108,0.0027034999999999997,7779996.0,,,,
2025-06-21,0.048631900000000006,0.048631900000000006,0.0,42737938.0,,,,,0.0089663,0.0064,0.0025663,7765900.0,,,,
2025-06-22,0.0482676,0.0482676,0.0,42955001.0,,,,,0.0312621,0.0288,0.0024621,7767648.0,,,,
2025-06-23,0.0479263,0.0479263,0.0,43580215.0,,,,,0.037398799999999996,0.0344,0.0029988,7136310.0,,,,
2025-06-24,0.050584199999999996,0.050584199999999996,0.0,37022201.0,,,,,0.0153537,0.0126,0.0027537,7767207.0,,,,
2025-06-25,0.0501178,0.0501178,0.0,38110520.0,,,,,0.009061399999999999,0.0064,0.0026614,7766883.0,,,,
2025-06-26,0.0502763,0.0502763,0.0,37835099.0,,,,,0.0087745,0.0062,0.0025745,7757436.0,,,,
2025-06-27,0.0502266,0.0502266,0.0,38118442.0,,,,,0.007210299999999999,0.0045000000000000005,0.0027103,7715268.0,,,,
2025-06-28,0.050374100000000005,0.050374100000000005,0.0,37704557.0,,,,,0.0087339,0.0059,0.0028339,7716586.0,,,,
2025-06-29,0.052277,0.052277,0.0,33489690.0,,,,,0.0095723,0.0066,0.0029722999999999998,7730887.0,,,,
2025-06-30,0.051359,0.051359,0.0,35889685.0,,,,,0.010003699999999999,0.0070999999999999995,0.0029037000000000004,7669334.0,,,,
2025-07-01,0.0486167,0.0486167,0.0,47415215.0,,,,,0.0097701,0.006999999999999999,0.0027700999999999997,7658742.0,,,,
2025-07-02,0.0494036,0.0494036,0.0,44976474.0,,,,,0.0262492,0.0233,0.0029492000000000003,7649912.0,,,,
2025-07-03,0.052408,0.052408,0.0,35880576.0,,,,,0.019381600000000002,0.0169,0.0024816,9138213.0,,,,
2025-07-04,0.051739,0.051739,0.0,36974377.0,,,,,0.0198598,0.0175,0.0023598,9138474.0,,,,
2025-07-05,0.0512504,0.0512504,0.0,38139285.0,,,,,0.0096122,0.0072,0.0024121999999999998,9003359.0,,,,
2025-07-06,0.052226299999999996,0.052226299999999996,0.0,35488134.0,,,,,0.0072453,0.004699999999999999,0.0025453,8996192.0,,,,
2025-07-07,0.051373699999999994,0.051373699999999994,0.0,38180151.0,,,,,0.0221716,0.0197,0.0024716,8993045.0,,,,
2025-07-08,0.0517682,0.0517682,0.0,36947002.0,,,,,0.0183415,0.015700000000000002,0.0026414999999999998,9021675.0,,,,
2025-07-09,0.050899799999999995,0.050899799999999995,0.0,40130404.0,,,,,0.0143219,0.011399999999999999,0.0029219,8977255.0,,,,
2025-07-10,0.0527528,0.0527528,0.0,35949329.0,,,,,0.0412598,0.0381,0.0031598,8967637.0,,,,
2025-07-11,0.054946999999999996,0.054946999999999996,0.0,29288797.0,,,,,0.0358011,0.0327,0.0031011,9037710.0,,,,
2025-07-12,0.0546846,0.0546846,0.0,29792793.0,,,,,0.0160493,0.013000000000000001,0.0030492999999999996,9024698.0,,,,
2025-07-13,0.0971343,0.0971343,0.0,13994812.0,,,,,0.0144133,0.011200000000000002,0.0032133,8975069.0,,,,
2025-07-14,0.051729399999999995,0.051729399999999995,0.0,40383466.0,,,,,0.0373495,0.0341,0.0032495000000000002,9005765.0,,,,
2025-07-15,0.0513763,0.0513763,0.0,41458322.0,,,,,0.032603,0.029300000000000003,0.003303,9047730.0,,,,
2025-07-16,0.0512892,0.0512892,0.0,42689966.0,,,,,0.0272295,0.023799999999999998,0.0034295,9055131.0,,,,
2025-07-17,0.051814,0.051814,0.0,41901725.0,,,,,0.023868,0.020499999999999997,0.003368,9039240.0,,,,
2025-07-18,0.0488097,0.0488097,0.0,52364796.0,,,,,0.0728999,0.0699,0.0029999,9568171.0,,,,
2025-07-19,0.0477182,0.0477182,0.0,56474121.0,,,,,0.0277757,0.0245,0.0032757,8873584.0,,,,
2025-07-20,0.047015900000000006,0.047015900000000006,0.0,59164308.0,,,,,0.0183416,0.0151,0.0032416,9385801.0,,,,
2025-07-21,0.0412929,0.0412929,0.0,77991589.0,,,,,0.027222499999999997,0.0236,0.0036225000000000003,9370501.0,,,,
2025-07-22,0.0394947,0.0394947,0.0,83401815.0,,,,,0.022099999999999998,0.022099999999999998,0.0,9372426.0,,,,
2025-07-23,0.0390695,0.0390695,0.0,65315113.0,,,,,0.0179,0.0179,0.0,9356816.0,,,,
2025-07-24,0.0459624,0.0459624,0.0,37436749.0,,,,,0.028008,0.0246,0.003408,9434219.0,,,,
2025-07-25,0.0461866,0.0461866,0.0,36790756.0,,,,,0.0344457,0.031400000000000004,0.0030457,10252858.0,,,,
2025-07-26,0.0475464,0.0475464,0.0,32440438.0,,,,,0.0145222,0.011200000000000002,0.0033222,9552578.0,,,,
2025-07-27,0.0465462,0.0465462,0.0,35694700.0,,,,,0.0180579,0.0146,0.0034579,9530196.0,,,,
2025-07-28,0.047086199999999995,0.047086199999999995,0.0,33869053.0,,,,,0.020499,0.017,0.003499,9273091.0,,,,
2025-07-29,0.042620500000000006,0.042620500000000006,0.0,50733229.0,,,,,0.0194493,0.0158,0.0036493,8650484.0,,,,
2025-07-30,0.0467312,0.0467312,0.0,35855025.0,,,,,0.0119036,0.0087,0.0032035999999999996,9370318.0,,,,
2025-07-31,0.045096800000000006,0.045096800000000006,0.0,49372629.0,,,,,0.0087046,0.0054,0.0033045999999999996,8762022.0,,,,
2025-08-01,0.0387868,0.0387868,0.0,80060856.0,,,,,0.0186731,0.0158,0.0028731,9297333.0,,,,
2025-08-02,0.035932,0.035932,0.0,100606591.0,,,,,0.0127025,0.009899999999999999,0.0028025,9304202.0,,,,
2025-08-03,0.0382705,0.0382705,0.0,86354019.0,,,,,0.0285749,0.0255,0.0030748999999999998,8711159.0,,,,
2025-08-04,0.039347400000000005,0.039347400000000005,0.0,81336226.0,,,,,0.017158,0.0138,0.003358,8584364.0,,,,
2025-08-05,0.040307300000000004,0.040307300000000004,0.0,76156534.0,,,,,0.0165527,0.013300000000000001,0.0032527,8329429.0,,,,
2025-08-06,0.0440165,0.0440165,0.0,59274835.0,,,,,0.018213,0.0149,0.003313,8395465.0,,,,
2025-08-07,0.0404329,0.0404329,0.0,78270469.0,,,,,0.0159896,0.0124,0.0035896,8248841.0,,,,
2025-08-08,0.036198299999999996,0.036198299999999996,0.0,107928980.0,,,,,0.024068100000000002,0.0204,0.0036681,8217073.0,,,,
2025-08-09,0.03524,0.03524,0.0,115318287.0,,,,,0.0176542,0.0138,0.0038542,8214074.0,,,,
2025-08-10,0.0362156,0.0362156,0.0,108691080.0,,,,,0.0158388,0.0116,0.0042388,8375620.0,,,,
2025-08-11,0.0364311,0.0364311,0.0,104628091.0,,,,,0.0204748,0.0165,0.0039748,8239744.0,,,,
2025-08-12,0.0356545,0.0356545,0.0,110024552.0,,,,,0.047029800000000004,0.0429,0.0041298,8341750.0,,,,
2025-08-13,0.0455345,0.0455345,0.0,52764784.0,,,,,0.0360675,0.031,0.0050675,7631433.0,,,,
2025-08-14,0.038108300000000005,0.038108300000000005,0.0,96614600.0,,,,,0.0706856,0.065,0.0056856,6854290.0,,,,
2025-08-15,0.0388767,0.0388767,0.0,92258566.0,,,,,0.0416135,0.036000000000000004,0.0056135000000000004,6726889.0,,,,
2025-08-16,0.0398045,0.0398045,0.0,89272299.0,,,,,0.014131499999999998,0.0086,0.0055315,6786008.0,,,,
2025-08-17,0.0395304,0.0395304,0.0,91174520.0,,,,,0.0174331,0.011899999999999999,0.0055331,6837753.0,,,,
2025-08-18,0.0404964,0.0404964,0.0,83999242.0,,,,,0.0265555,0.0217,0.0048555,7312311.0,,,,
2025-08-19,0.0419143,0.0419143,0.0,75536600.0,,,,,0.028512400000000004,0.024,0.0045124,7310188.0,,,,
2025-08-20,0.0414164,0.0414164,0.0,78552808.0,,,,,0.0246252,0.019799999999999998,0.0048252,7271005.0,,,,
2025-08-21,0.0505764,0.0505764,0.0,31728394.0,,,,,0.0253867,0.0207,0.004686699999999999,7180019.0,,,,
2025-08-22,0.0460726,0.0460726,0.0,51770481.0,,,,,0.0283517,0.0233,0.0050517,7315672.0,,,,
2025-08-23,0.044183700000000006,0.044183700000000006,0.0,61087063.0,,,,,0.0558054,0.0509,0.0049054,7448084.0,,,,
2025-08-24,0.0475586,0.0475586,0.0,46023076.0,,,,,0.027346400000000003,0.0227,0.0046464,8020244.0,,,,
2025-08-25,0.0393027,0.0393027,0.0,90497052.0,,,,,0.025107300000000003,0.021,0.0041072999999999995,8249499.0,,,,
2025-08-26,0.038185500000000004,0.038185500000000004,0.0,97728242.0,,,,,0.030369999999999998,0.0258,0.00457,7902385.0,,,,
2025-08-27,0.0362158,0.0362158,0.0,105454428.0,,,,,0.0313163,0.026699999999999998,0.0046163,8244179.0,,,,
2025-08-28,0.0322097,0.0322097,0.0,129815325.0,,,,,0.024,0.024,0.0,8007882.0,,,,
2025-08-29,0.0351121,0.0351121,0.0,106588739.0,,,,,0.024300000000000002,0.024300000000000002,0.0,7911015.0,,,,
2025-08-30,0.0296322,0.0296322,0.0,150039679.0,,,,,0.0173,0.0173,0.0,7910765.0,,,,
2025-08-31,0.029862000000000003,0.029862000000000003,0.0,147538014.0,,,,,0.0121,0.0121,0.0,7846282.0,,,,
2025-09-01,0.0392517,0.0392517,0.0,83714173.0,,,,,0.0321073,0.0269,0.005207300000000001,6475144.0,,,,
2025-09-02,0.0491864,0.0491864,0.0,34516269.0,,,,,0.0165635,0.011000000000000001,0.0055635,6453155.0,,,,
2025-09-03,0.049394400000000005,0.049394400000000005,0.0,33430979.0,,,,,0.0252668,0.019799999999999998,0.005466800000000001,6541037.0,,,,
2025-09-04,0.041024399999999996,0.041024399999999996,0.0,72155433.0,,,,,0.0411797,0.036000000000000004,0.005179700000000001,6616461.0,,,,
2025-09-05,0.045942,0.045942,0.0,48099338.0,,,,,0.0230751,0.0179,0.0051751,6587490.0,,,,
2025-09-06,0.0422231,0.0422231,0.0,65698340.0,,,,,0.018402099999999998,0.0134,0.005002100000000001,6677908.0,,,,
2025-09-07,0.044735199999999996,0.044735199999999996,0.0,53982822.0,,,,,0.022248399999999998,0.0171,0.0051484,6521957.0,,,,
2025-09-08,0.09408440000000001,0.09408440000000001,0.0,18114106.0,,,,,0.028067799999999997,0.0227,0.005367800000000001,6538898.0,,,,
2025-09-09,0.0402231,0.0402231,0.0,93119965.0,,,,,0.0331784,0.0279,0.0052784,6560204.0,,,,
2025-09-10,0.1464429,0.1464429,0.0,16862107.0,,,,,0.0419096,0.0362,0.0057096000000000004,6337689.0,,,,
2025-09-11,0.0479563,0.0479563,0.0,44664045.0,,,,,0.059650800000000004,0.0535,0.0061508,6019523.0,,,,
2025-09-12,0.0494047,0.0494047,0.0,38550921.0,,,,,0.0651611,0.059000000000000004,0.0061611,6237442.0,,,,
2025-09-13,0.0472961,0.0472961,0.0,50172372.0,,,,,0.0476647,0.0408,0.0068647000000000005,5398778.0,,,,
2025-09-14,0.048305499999999994,0.048305499999999994,0.0,46048165.0,,,,,0.049923,0.0433,0.006623,5427550.0,,,,
2025-09-15,0.0379288,0.0379288,0.0,111789972.0,,,,,0.042240099999999996,0.0359,0.0063400999999999996,5366098.0,,,,
2025-09-16,0.0372292,0.0372292,0.0,121216401.0,,,,,0.0421092,0.0359,0.006209200000000001,5452803.0,,,,
2025-09-17,0.0380708,0.0380708,0.0,116073794.0,,,,,0.0500842,0.0435,0.0065842,5410785.0,,,,
2025-09-18,0.0410908,0.0410908,0.0,95253432.0,,,,,0.059600099999999996,0.053099999999999994,0.0065001,5357414.0,,,,
2025-09-19,0.0410467,0.0410467,0.0,96369981.0,,,,,0.0819094,0.0759,0.006009400000000001,5464079.0,,,,
2025-09-20,0.0435439,0.0435439,0.0,78391235.0,,,,,0.054200200000000004,0.0484,0.0058002,5680718.0,,,,
2025-09-21,0.0423527,0.0423527,0.0,86972726.0,,,,,0.0796525,0.0741,0.0055525,5754090.0,,,,
2025-09-22,0.0342001,0.0342001,0.0,154551707.0,,,,,0.0985763,0.09369999999999999,0.0048763,5878733.0,,,,
2025-09-23,0.0512857,0.0512857,0.0,32930743.0,,,,,0.062322699999999995,0.057300000000000004,0.0050227,5694449.0,,,,
2025-09-24,0.1035992,0.1035992,0.0,20966298.0,,,,,0.0445237,0.0394,0.0051237,5646230.0,,,,
2025-09-25,0.0508206,0.0508206,0.0,33118943.0,,,,,0.0770063,0.0724,0.0046063,5757399.0,,,,
2025-09-26,0.04072339999999999,0.04072339999999999,0.0,88313301.0,,,,,0.050062800000000005,0.0453,0.0047628,5773233.0,,,,
2025-09-27,0.0441802,0.0441802,0.0,68556001.0,,,,,0.026021100000000002,0.0213,0.0047211,5810975.0,,,,
2025-09-28,0.0474692,0.0474692,0.0,50482591.0,,,,,0.0308106,0.0259,0.0049106,5752041.0,,,,
2025-09-29,0.0524069,0.0524069,0.0,25995971.0,,,,,0.0639944,0.0571,0.0068944,4073511.0,,,,
2025-09-30,0.0422898,0.0422898,0.0,79642437.0,,,,,0.03688,0.0302,0.00668,4119453.0,,,,
2025-10-01,0.044902,0.044902,0.0,65716903.0,,,,,0.063221,0.057,0.006221,4753979.0,,,,
2025-10-02,0.0451457,0.0451457,0.0,66116039.0,,,,,0.0639571,0.0572,0.0067571,4685223.0,,,,
2025-10-03,0.042382600000000006,0.042382600000000006,0.0,83082385.0,,,,,0.0900831,0.0836,0.0064831,4815375.0,,,,
2025-10-04,0.0428202,0.0428202,0.0,80543667.0,,,,,0.0461101,0.0395,0.0066101,4544066.0,,,,
2025-10-05,0.040382499999999995,0.040382499999999995,0.0,98691098.0,,,,,0.0647398,0.0583,0.0064398,4634635.0,,,,
2025-10-06,0.0435847,0.0435847,0.0,77892837.0,,,,,0.0443,0.0443,0.0,4641351.0,,,,
2025-10-07,0.04494309999999999,0.04494309999999999,0.0,68451203.0,,,,,0.0704,0.0704,0.0,3967585.0,,,,
2025-10-08,0.0486019,0.0486019,0.0,47840934.0,,,,,0.0453,0.0453,0.0,4502090.0,,,,
2025-10-09,0.0458746,0.0458746,0.0,61491394.0,,,,,0.0453,0.0453,0.0,4436947.0,,,,
2025-10-10,0.0465911,0.0465911,0.0,52929356.0,,,,,0.16949999999999998,0.16949999999999998,0.0,4415732.0,,,,
2025-10-11,0.035875,0.035875,0.0,115020975.0,,,,,0.1234,0.1234,0.0,4482332.0,,,,
2025-10-12,0.0357474,0.0357474,0.0,118435491.0,,,,,0.0642,0.0642,0.0,4761024.0,,,,
2025-10-13,0.0359287,0.0359287,0.0,119688872.0,,,,,0.0526,0.0526,0.0,4686451.0,,,,
2025-10-14,0.049656200000000005,0.049656200000000005,0.0,35754165.0,,,,,0.0687,0.0687,0.0,4752206.0,,,,
2025-10-15,0.049836099999999994,0.049836099999999994,0.0,35384370.0,,,,,0.0529,0.0529,0.0,4374475.0,,,,
2025-10-16,0.0473442,0.0473442,0.0,46636034.0,,,,,0.0496,0.0496,0.0,4805669.0,,,,
2025-10-17,0.046238400000000006,0.046238400000000006,0.0,51666942.0,,,,,0.0711,0.0711,0.0,4758047.0,,,,
2025-10-18,0.0440806,0.0440806,0.0,63888885.0,,,,,0.0225,0.0225,0.0,4666129.0,,,,
2025-10-19,0.0470486,0.0470486,0.0,48567859.0,,,,,0.024,0.024,0.0,4704453.0,,,,
2025-10-20,0.0446027,0.0446027,0.0,62183855.0,,,,,0.0431,0.0431,0.0,4766807.0,,,,
2025-10-21,0.0444648,0.0444648,0.0,62560922.0,,,,,0.0327,0.0327,0.0,4780153.0,,,,
2025-10-22,0.0452359,0.0452359,0.0,59160721.0,,,,,0.0885,0.0885,0.0,4743587.0,,,,
2025-10-23,0.043942100000000005,0.043942100000000005,0.0,67125425.0,,,,,0.0892,0.0892,0.0,4789807.0,,,,
2025-10-24,0.0419921,0.0419921,0.0,79296003.0,,,,,0.0373,0.0373,0.0,4834192.0,,,,
2025-10-25,0.041584399999999994,0.041584399999999994,0.0,81903630.0,,,,,0.0349,0.0349,0.0,4790801.0,,,,
2025-10-26,0.0431261,0.0431261,0.0,73906024.0,,,,,0.0297,0.0297,0.0,4824276.0,,,,
2025-10-27,0.044286599999999995,0.044286599999999995,0.0,67297237.0,,,,,0.0848,0.0848,0.0,4752658.0,,,,
2025-10-28,0.0441409,0.0441409,0.0,68702191.0,,,,,0.0538,0.0538,0.0,4803826.0,,,,
2025-10-29,0.042827000000000004,0.042827000000000004,0.0,76608673.0,,,,,0.1035,0.1035,0.0,4652763.0,,,,
2025-10-30,0.0353294,0.0353294,0.0,127836520.0,,,,,0.0882,0.0882,0.0,4623249.0,,,,
2025-10-31,0.0372057,0.0372057,0.0,116743951.0,,,,,0.07690000000000001,0.07690000000000001,0.0,4655222.0,,,,
2025-11-01,0.0404958,0.0404958,0.0,92509317.0,,,,,0.0662,0.0662,0.0,4592027.0,,,,
2025-11-02,0.0403008,0.0403008,0.0,94051261.0,,,,,0.034300000000000004,0.034300000000000004,0.0,4585720.0,,,,
2025-11-03,0.0327671,0.0327671,0.0,143660604.0,,,,,0.1293,0.1293,0.0,4380356.0,,,,
2025-11-04,0.028037700000000002,0.028037700000000002,0.0,156828643.0,,,,,0.11230000000000001,0.11230000000000001,0.0,4503363.0,,,,
2025-11-05,0.029990199999999998,0.029990199999999998,0.0,142927373.0,,,,,0.053200000000000004,0.053200000000000004,0.0,4519876.0,,,,
2025-11-06,0.0296172,0.0296172,0.0,142678790.0,,,,,0.0866,0.0866,0.0,4526236.0,,,,
2025-11-07,0.0322172,0.0322172,0.0,122925385.0,,,,,0.12990000000000002,0.12990000000000002,0.0,4825813.0,,,,
2025-11-08,0.031643500000000005,0.031643500000000005,0.0,129778381.0,,,,,0.0986,0.0986,0.0,4372903.0,,,,
2025-11-09,0.0318468,0.0318468,0.0,129613863.0,,,,,0.0342,0.0342,0.0,4861156.0,,,,
2025-11-10,0.030996700000000002,0.030996700000000002,0.0,137637052.0,,,,,0.0436,0.0436,0.0,4932952.0,,,,
2025-11-11,0.0293818,0.0293818,0.0,151362073.0,,,,,0.0694,0.0694,0.0,4800152.0,,,,
2025-11-12,0.0334528,0.0334528,0.0,123739294.0,,,,,0.0868,0.0868,0.0,4717233.0,,,,
2025-11-13,0.0333891,0.0333891,0.0,118444430.0,,,,,0.047,0.047,0.0,4893599.0,,,,
2025-11-14,0.0325075,0.0325075,0.0,127660429.0,,,,,0.0662,0.0662,0.0,4727035.0,,,,
2025-11-15,0.0335852,0.0335852,0.0,117637916.0,,,,,0.040999999999999995,0.040999999999999995,0.0,4801541.0,,,,
2025-11-16,0.0335132,0.0335132,0.0,117060829.0,,,,,0.0663,0.0663,0.0,4774534.0,,,,
2025-11-17,0.032105999999999996,0.032105999999999996,0.0,127129237.0,,,,,0.0431,0.0431,0.0,4752353.0,,,,
2025-11-18,0.0335324,0.0335324,0.0,115968939.0,,,,,0.0809,0.0809,0.0,4756633.0,,,,
2025-11-19,0.034842399999999996,0.034842399999999996,0.0,107368737.0,,,,,0.07440000000000001,0.07440000000000001,0.0,4218096.0,,,,
2025-11-20,0.0449961,0.0449961,0.0,49925195.0,,,,,0.0679,0.0679,0.0,4742532.0,,,,
2025-11-21,0.0428387,0.0428387,0.0,59701083.0,,,,,0.0761063,0.0736,0.0025063000000000004,4233151.0,,,,
2025-11-22,0.042503,0.042503,0.0,61574783.0,,,,,0.024857,0.0226,0.0022570000000000003,4665317.0,,,,
2025-11-23,0.041455900000000004,0.041455900000000004,0.0,66190714.0,,,,,0.0528568,0.050199999999999995,0.0026568000000000004,4204699.0,,,,
2025-11-24,0.051406400000000005,0.051406400000000005,0.0,22974453.0,,,,,0.0498473,0.047400000000000005,0.0024473,4729257.0,,,,
2025-11-25,0.0466599,0.0466599,0.0,42166524.0,,,,,0.0566114,0.0541,0.0025113999999999996,4677778.0,,,,
2025-11-26,0.0472604,0.0472604,0.0,39658463.0,,,,,0.0397869,0.0373,0.0024869,4831586.0,,,,
2025-11-27,0.0455309,0.0455309,0.0,48170814.0,,,,,0.0330843,0.030600000000000002,0.0024843,4793340.0,,,,
2025-11-28,0.0458019,0.0458019,0.0,47094957.0,,,,,0.048437,0.046,0.002437,4761728.0,,,,
2025-11-29,0.046636699999999996,0.046636699999999996,0.0,45635496.0,,,,,0.0283879,0.026000000000000002,0.0023879,4760932.0,,,,
2025-11-30,0.0467403,0.0467403,0.0,46450669.0,,,,,0.0399804,0.037599999999999995,0.0023804,4840154.0,,,,
2025-12-01,0.045458,0.045458,0.0,51574314.0,,,,,0.058868000000000004,0.0567,0.002168,4837387.0,,,,
2025-12-02,0.0446718,0.0446718,0.0,55203283.0,,,,,0.038152,0.035699999999999996,0.002452,4821364.0,,,,
2025-12-03,0.0448719,0.0448719,0.0,54217551.0,,,,,0.021270400000000002,0.018799999999999997,0.0024704,4836077.0,,,,
2025-12-04,0.044278899999999996,0.044278899999999996,0.0,56481494.0,,,,,0.024533299999999997,0.0219,0.0026333,4801126.0,,,,
2025-12-05,0.0510199,0.0510199,0.0,30747475.0,,,,,0.059115,0.0567,0.002415,4837160.0,,,,
2025-12-06,0.0427551,0.0427551,0.0,64023199.0,,,,,0.0527564,0.050300000000000004,0.0024564,4832569.0,,,,
2025-12-07,0.0432449,0.0432449,0.0,60876325.0,,,,,0.036912,0.0345,0.002412,4841062.0,,,,
2025-12-08,0.0398876,0.0398876,0.0,77839647.0,,,,,0.0358515,0.0334,0.0024515,4852199.0,,,,
2025-12-09,0.0397276,0.0397276,0.0,78536943.0,,,,,0.0884287,0.0862,0.0022287,5519008.0,,,,
2025-12-10,0.0388494,0.0388494,0.0,81613529.0,,,,,0.0669612,0.0646,0.0023612,5094615.0,,,,
2025-12-11,0.0383362,0.0383362,0.0,84398818.0,,,,,0.042907200000000006,0.0405,0.0024072,4856666.0,,,,
2025-12-12,0.0376226,0.0376226,0.0,87350652.0,,,,,0.0246321,0.0223,0.0023321,4861365.0,,,,
2025-12-13,0.037919100000000004,0.037919100000000004,0.0,85715161.0,,,,,0.0217896,0.0195,0.0022896,4906331.0,,,,
2025-12-14,0.037597900000000004,0.037597900000000004,0.0,87629942.0,,,,,0.0127958,0.0106,0.0021958,4918727.0,,,,
2025-12-15,0.038768699999999996,0.038768699999999996,0.0,81063530.0,,,,,0.0669208,0.0647,0.0022208,4484129.0,,,,
2025-12-16,0.028501699999999998,0.028501699999999998,0.0,132335393.0,,,,,0.0345638,0.0325,0.0020638,5003844.0,,,,
2025-12-17,0.0316527,0.0316527,0.0,109753946.0,,,,,0.056312100000000004,0.054400000000000004,0.0019121,4997126.0,,,,
2025-12-18,0.0335441,0.0335441,0.0,97852077.0,,,,,0.050527300000000004,0.0487,0.0018273,4903761.0,,,,
2025-12-19,0.0339789,0.0339789,0.0,94995168.0,,,,,0.0504797,0.048600000000000004,0.0018797,5034447.0,,,,
2025-12-20,0.0346136,0.0346136,0.0,90727254.0,,,,,0.0110557,0.0091,0.0019557,4911388.0,,,,
2025-12-21,0.0346795,0.0346795,0.0,90344558.0,,,,,0.0289327,0.027000000000000003,0.0019326999999999999,4854021.0,,,,
2025-12-22,0.0351817,0.0351817,0.0,87852034.0,,,,,0.0283553,0.0264,0.0019553,4864208.0,,,,
2025-12-23,0.0364162,0.0364162,0.0,81432400.0,,,,,0.0317597,0.0298,0.0019597,4813623.0,,,,
2025-12-24,0.021906500000000002,0.021906500000000002,0.0,190255110.0,,,,,0.024933999999999998,0.023,0.001934,4876187.0,,,,
2025-12-25,0.0243531,0.0243531,0.0,165123825.0,,,,,0.0261576,0.0242,0.0019576,4869848.0,,,,
2025-12-26,0.024955099999999997,0.024955099999999997,0.0,158939291.0,,,,,0.0709307,0.069,0.0019306999999999998,4882352.0,,,,
2025-12-27,0.0249998,0.0249998,0.0,158650984.0,,,,,0.0168726,0.0149,0.0019725999999999997,4885744.0,,,,
2025-12-28,0.024040699999999998,0.024040699999999998,0.0,168304239.0,,,,,0.0517918,0.049800000000000004,0.0019918,4853069.0,,,,
2025-12-29,0.0304129,0.0304129,0.0,116979958.0,,,,,0.0415049,0.0393,0.0022049,4350777.0,,,,
2025-12-30,0.0277226,0.0277226,0.0,136881202.0,,,,,0.0534504,0.051500000000000004,0.0019504,4831307.0,,,,
2025-12-31,0.0211059,0.0211059,0.0,168606334.0,,,,,0.0915963,0.0897,0.0018962999999999999,4866712.0,,,,
2026-01-01,0.021090499999999998,0.021090499999999998,0.0,168863220.0,,,,,0.0183872,0.0163,0.0020872,4849687.0,,,,
2026-01-02,0.0231089,0.0231089,0.0,149783231.0,,,,,0.0392,0.0392,0.0,4879582.0,,,,
2026-01-03,0.0239656,0.0239656,0.0,142643760.0,,,,,0.018000000000000002,0.018000000000000002,0.0,4793904.0,,,,
2026-01-04,0.024558200000000002,0.024558200000000002,0.0,138930509.0,,,,,0.0165,0.0165,0.0,4633619.0,,,,
2026-01-05,0.0265821,0.0265821,0.0,126228382.0,,,,,0.0365964,0.0338,0.0027964,4498808.0,,,,
2026-01-06,0.0262019,0.0262019,0.0,128388470.0,,,,,0.0376333,0.0348,0.0028333000000000004,4557394.0,,,,
2026-01-07,0.026959200000000003,0.026959200000000003,0.0,121864910.0,,,,,0.031920199999999996,0.0292,0.0027202,4618267.0,,,,
2026-01-08,0.027661099999999997,0.027661099999999997,0.0,117898969.0,,,,,0.028763800000000003,0.026099999999999998,0.0026638,4640254.0,,,,
2026-01-09,0.0220543,0.0220543,0.0,123312269.0,,,,,0.0350184,0.0326,0.0024184,4999843.0,,,,
2026-01-10,0.0231148,0.0231148,0.0,114588813.0,,,,,0.024430399999999998,0.0216,0.0028304000000000003,4295008.0,,,,
2026-01-11,0.0229339,0.0229339,0.0,116738285.0,,,,,0.04180710000000001,0.0394,0.0024071,5105505.0,,,,
2026-01-12,0.0238494,0.0238494,0.0,108807546.0,,,,,0.0561981,0.0538,0.0023981,5031401.0,,,,
2026-01-13,0.024169700000000002,0.024169700000000002,0.0,105554431.0,,,,,0.041597,0.039,0.002597,4985041.0,,,,
2026-01-14,0.0233051,0.0233051,0.0,111849410.0,,,,,0.0674306,0.0644,0.0030306,4242536.0,,,,
2026-01-15,0.0247953,0.0247953,0.0,104907572.0,,,,,0.0624392,0.059699999999999996,0.0027392,4349697.0,,,,
2026-01-16,0.025140199999999998,0.025140199999999998,0.0,103886647.0,,,,,0.039394200000000004,0.037000000000000005,0.0023942,5007981.0,,,,
2026-01-17,0.0250516,0.0250516,0.0,105993076.0,,,,,0.0330306,0.030699999999999998,0.0023306,5055780.0,,,,
2026-01-18,0.0250637,0.0250637,0.0,106312438.0,,,,,0.0554291,0.053099999999999994,0.0023291,5061920.0,,,,
2026-01-19,0.024414099999999998,0.024414099999999998,0.0,109329223.0,,,,,0.0674421,0.0649,0.0025421,4275904.0,,,,
2026-01-20,0.0230817,0.0230817,0.0,115033397.0,,,,,0.0809088,0.0787,0.0022088,4560678.0,,,,
2026-01-21,0.023944800000000002,0.023944800000000002,0.0,108787752.0,,,,,0.0373659,0.0349,0.0024659,4451004.0,,,,
2026-01-22,0.0264521,0.0264521,0.0,91057303.0,,,,,0.0327126,0.030299999999999997,0.0024126,4415757.0,,,,
2026-01-23,0.0269358,0.0269358,0.0,86800002.0,,,,,0.0545653,0.0521,0.0024653,4268893.0,,,,
2026-01-24,0.027055,0.027055,0.0,85864594.0,,,,,0.0376788,0.0352,0.0024787999999999998,4212673.0,,,,
2026-01-25,0.0269624,0.0269624,0.0,85174877.0,,,,,0.0453568,0.043,0.0023568,4117488.0,,,,
2026-01-26,0.0270663,0.0270663,0.0,84418655.0,,,,,0.034683099999999994,0.0322,0.0024831000000000002,4122951.0,,,,
2026-01-27,0.0312224,0.0312224,0.0,61905664.0,,,,,0.0371111,0.0346,0.0025111,4168772.0,,,,
2026-01-28,0.0341391,0.0341391,0.0,47862291.0,,,,,0.0286395,0.026099999999999998,0.0025395,4177376.0,0.037000000000000005,0.037000000000000005,0.0,179194997.0
2026-01-29,0.0768232,0.0768232,0.0,12897745.0,,,,,0.044085599999999996,0.0417,0.0023856,4111663.0,0.037000000000000005,0.037000000000000005,0.0,179111256.0
2026-01-30,0.0557334,0.0557334,0.0,13544024.0,,,,,0.0480779,0.0458,0.0022779,4167112.0,0.037000000000000005,0.037000000000000005,0.0,179124465.0
2026-01-31,0.0367091,0.0367091,0.0,32289281.0,,,,,0.04484950000000001,0.043,0.0018495,4201515.0,0.037000000000000005,0.037000000000000005,0.0,179122198.0
2026-02-01,0.0324443,0.0324443,0.0,46752448.0,,,,,0.031084,0.029300000000000003,0.001784,4170936.0,0.037000000000000005,0.037000000000000005,0.0,179139318.0
2026-02-02,0.03245,0.03245,0.0,45918370.0,,,,,0.038421699999999996,0.0366,0.0018216999999999999,4137818.0,0.0369,0.0369,0.0,179109806.0
2026-02-03,0.0314816,0.0314816,0.0,49751260.0,,,,,0.0421098,0.0404,0.0017098,4184599.0,0.0369,0.0369,0.0,179126925.0
2026-02-04,0.0258567,0.0258567,0.0,69408582.0,,,,,0.0355849,0.034,0.0015849,4228011.0,0.0368,0.0368,0.0,179096891.0
2026-02-05,0.0414746,0.0414746,0.0,12264983.0,,,,,0.06860039999999999,0.0672,0.0014004,4320526.0,0.0368,0.0368,0.0,179046544.0
2026-02-06,0.0376361,0.0376361,0.0,20789051.0,,,,,0.0898588,0.0883,0.0015588,4258786.0,0.036699999999999997,0.036699999999999997,0.0,179058127.0
2026-02-07,0.0360071,0.0360071,0.0,25505607.0,,,,,0.0427169,0.0412,0.0015168999999999998,4229485.0,0.036699999999999997,0.036699999999999997,0.0,179075241.0
2026-02-08,0.0332938,0.0332938,0.0,33246872.0,,,,,0.0220989,0.0206,0.0014989,4221857.0,0.0366,0.0366,0.0,179089343.0
2026-02-09,0.0336457,0.0336457,0.0,32702330.0,,,,,0.045700000000000005,0.045700000000000005,0.0,4212411.0,0.0366,0.0366,0.0,179106460.0
2026-02-10,0.032452800000000004,0.032452800000000004,0.0,36244786.0,,,,,0.0392,0.0392,0.0,4579414.0,0.0365,0.0365,0.0,179123578.0
2026-02-11,0.0335997,0.0335997,0.0,32771255.0,,,,,0.0368,0.0368,0.0,4472334.0,0.0365,0.0365,0.0,179133862.0
2026-02-12,0.03402,0.03402,0.0,31390205.0,,,,,0.046799999999999994,0.046799999999999994,0.0,4226757.0,0.0364,0.0364,0.0,179150983.0
2026-02-13,0.0281717,0.0281717,0.0,50825934.0,,,,,0.0446,0.0446,0.0,4267076.0,0.0364,0.0364,0.0,179168107.0
2026-02-14,0.026291799999999997,0.026291799999999997,0.0,59884687.0,,,,,0.033,0.033,0.0,4205140.0,0.0363,0.0363,0.0,179185231.0
2026-02-15,0.0257322,0.0257322,0.0,61590684.0,,,,,0.0334,0.0334,0.0,4204425.0,0.0363,0.0363,0.0,179202357.0
2026-02-16,0.024347300000000002,0.024347300000000002,0.0,67981654.0,,,,,0.0183,0.0183,0.0,4158715.0,0.0362,0.0362,0.0,179219487.0
2026-02-17,0.0257121,0.0257121,0.0,63106277.0,,,,,0.0774,0.0774,0.0,4176709.0,0.0362,0.0362,0.0,179236615.0
2026-02-18,0.0244277,0.0244277,0.0,68826278.0,,,,,0.026099999999999998,0.026099999999999998,0.0,4099907.0,0.0361,0.0361,0.0,179253746.0
2026-02-19,0.0221073,0.0221073,0.0,78508410.0,,,,,0.018600000000000002,0.018600000000000002,0.0,4110538.0,0.0361,0.0361,0.0,179270880.0
2026-02-20,0.0226518,0.0226518,0.0,73648740.0,,,,,0.06480000000000001,0.06480000000000001,0.0,4148830.0,0.036000000000000004,0.036000000000000004,0.0,179288033.0
2026-02-21,0.022777699999999998,0.022777699999999998,0.0,72200499.0,,,,,0.0174,0.0174,0.0,4139140.0,0.036000000000000004,0.036000000000000004,0.0,179305170.0
2026-02-22,0.0253892,0.0253892,0.0,59727691.0,,,,,0.0126,0.0126,0.0,4092860.0,0.0359,0.0359,0.0,179322307.0
2026-02-23,0.019648699999999998,0.019648699999999998,0.0,63251679.0,,,,,0.034300000000000004,0.034300000000000004,0.0,4054911.0,0.0359,0.0359,0.0,179336449.0
2026-02-24,0.0200204,0.0200204,0.0,61059063.0,,,,,0.0317,0.0317,0.0,4056346.0,0.0358,0.0358,0.0,179353589.0
2026-02-25,0.0183711,0.0183711,0.0,71366763.0,,,,,0.032,0.032,0.0,4012219.0,0.0358,0.0358,0.0,179365696.0
2026-02-26,0.0162928,0.0162928,0.0,87554484.0,,,,,0.031200000000000002,0.031200000000000002,0.0,4022599.0,0.035699999999999996,0.035699999999999996,0.0,179381434.0
2026-02-27,0.0140243,0.0140243,0.0,104064337.0,0.0393996,0.023982299999999998,0.0154173,538191321.0,0.0493,0.0493,0.0,4044223.0,0.035699999999999996,0.035699999999999996,0.0,179393642.0
2026-02-28,0.0158152,0.0158152,0.0,88456399.0,0.039605299999999996,0.0242895,0.0153158,540447482.0,0.0751,0.0751,0.0,4217730.0,0.0356,0.0356,0.0,179410647.0
2026-03-01,0.0161148,0.0161148,0.0,86053022.0,0.039094199999999996,0.0238799,0.0152143,543632500.0,0.03,0.03,0.0,4277419.0,0.0356,0.0356,0.0,179427795.0
2026-03-02,0.0124779,0.0124779,0.0,121144758.0,0.0398102,0.0244944,0.0153158,540715773.0,0.059500000000000004,0.059500000000000004,0.0,4049423.0,0.0355,0.0355,0.0,179444943.0
2026-03-03,0.013166299999999999,0.013166299999999999,0.0,115024358.0,0.0410372,0.0254168,0.015620400000000001,530692250.0,0.047400000000000005,0.047400000000000005,0.0,4211736.0,0.0355,0.0355,0.0,179460584.0
2026-03-04,0.012872399999999999,0.012872399999999999,0.0,112878780.0,0.0405285,0.0253142,0.0152143,544731380.0,0.0321609,0.030600000000000002,0.0015609,4186046.0,0.0355,0.0355,0.0,179476731.0
2026-03-05,0.0125051,0.0125051,0.0,114567274.0,0.0401205,0.0251092,0.0150112,550558683.0,0.034928,0.0334,0.0015279999999999998,4179949.0,0.0355,0.0355,0.0,179493885.0
2026-03-06,0.0118482,0.0118482,0.0,121514319.0,0.041348,0.0260322,0.0153158,541278416.0,0.0347592,0.0333,0.0014592,4213282.0,0.0355,0.0355,0.0,179509025.0
2026-03-07,0.0118786,0.0118786,0.0,120739141.0,0.041348,0.0260322,0.0153158,542019642.0,0.028933300000000002,0.0276,0.0013333,4512197.0,0.0355,0.0355,0.0,179526183.0
2026-03-08,0.0113377,0.0113377,0.0,127151682.0,0.0399165,0.0250067,0.014909799999999999,553816746.0,0.0163063,0.015,0.0013063,4514980.0,0.0355,0.0355,0.0,179541223.0
2026-03-09,0.0117436,0.0117436,0.0,121746956.0,0.0417584,0.0264426,0.0153158,540593585.0,0.0390134,0.037599999999999995,0.0014134,4401949.0,0.0355,0.0355,0.0,179558384.0
2026-03-10,0.0120004,0.0120004,0.0,118820345.0,0.03771,0.026750600000000003,0.0109595,537239258.0,0.049582600000000004,0.0482,0.0013825999999999999,4490792.0,0.0355,0.0355,0.0,179575546.0
2026-03-11,0.012739100000000001,0.012739100000000001,0.0,114121435.0,0.0310573,0.0199968,0.0110606,531013466.0,0.0140997,0.0127,0.0013997,4487331.0,0.0355,0.0355,0.0,179592710.0
2026-03-12,0.0127916,0.0127916,0.0,113622995.0,0.032077800000000004,0.0210172,0.0110606,533363885.0,0.022123,0.0207,0.001423,4412320.0,0.0355,0.0355,0.0,179529167.0
2026-03-13,0.0178957,0.0178957,0.0,89187904.0,0.033301500000000005,0.0220387,0.0112628,524655449.0,0.0321397,0.030699999999999998,0.0014397,4402619.0,0.0355,0.0355,0.0,179544006.0
2026-03-14,0.0182095,0.0182095,0.0,86716991.0,0.033301500000000005,0.0220387,0.0112628,522246749.0,0.0155213,0.0141,0.0014213000000000001,4403998.0,0.0355,0.0355,0.0,179561167.0
2026-03-15,0.018255999999999998,0.018255999999999998,0.0,86314844.0,0.0334037,0.0221409,0.0112628,523427435.0,0.025686200000000003,0.0242,0.0014862,4407508.0,0.0355,0.0355,0.0,179578331.0
2026-03-16,0.0197434,0.0197434,0.0,75487972.0,0.0318746,0.0209151,0.0109595,537658292.0,0.0280636,0.0265,0.0015636,4417218.0,0.0355,0.0355,0.0,179595495.0
2026-03-17,0.0199142,0.0199142,0.0,71940526.0,0.0332014,0.0221409,0.0110606,534962936.0,0.029646099999999998,0.0281,0.0015461,4445798.0,0.0355,0.0355,0.0,179612562.0
2026-03-18,0.020062700000000003,0.020062700000000003,0.0,70621258.0,0.0330992,0.0220387,0.0110606,532492404.0,0.0324051,0.031,0.0014051,4562942.0,0.0355,0.0355,0.0,179629729.0
2026-03-19,0.0197431,0.0197431,0.0,72481497.0,0.0329971,0.021936499999999998,0.0110606,530342661.0,0.037902200000000004,0.0365,0.0014022000000000001,4558381.0,0.0355,0.0355,0.0,179646897.0
2026-03-20,0.014132899999999999,0.014132899999999999,0.0,96408032.0,0.0344251,0.0230612,0.0113639,519772579.0,0.0380114,0.0366,0.0014114,4559168.0,0.0355,0.0355,0.0,179664068.0
2026-03-21,0.0143449,0.0143449,0.0,94602709.0,0.0341194,0.0228566,0.0112628,521593710.0,0.0305206,0.0291,0.0014206,4562860.0,0.0355,0.0355,0.0,179675976.0
2026-03-22,0.0136523,0.0136523,0.0,100840484.0,0.0335059,0.022243100000000002,0.0112628,524286522.0,0.025829,0.0245,0.0013289999999999999,4574900.0,0.0355,0.0355,0.0,179693149.0
2026-03-23,0.0135547,0.0135547,0.0,101260658.0,0.035139000000000004,0.023572799999999998,0.0115662,510016469.0,0.031880700000000005,0.0305,0.0013807,4589228.0,0.0355,0.0355,0.0,179710323.0
2026-03-24,0.013597999999999999,0.013597999999999999,0.0,100885035.0,0.034016000000000005,0.0226521,0.0113639,517612978.0,0.023178999999999998,0.0218,0.001379,4599296.0,0.0355,0.0355,0.0,179720025.0
2026-03-25,0.013703799999999999,0.013703799999999999,0.0,101033476.0,0.0344251,0.0230612,0.0113639,518024986.0,0.0441866,0.042800000000000005,0.0013866,4605437.0,0.0355,0.0355,0.0,179737202.0
2026-03-26,0.0136692,0.0136692,0.0,100755861.0,0.0323831,0.021221399999999998,0.011161700000000002,526643802.0,0.045030400000000005,0.0437,0.0013303999999999998,4578571.0,0.0355,0.0355,0.0,179746009.0
2026-03-27,0.014821299999999999,0.014821299999999999,0.0,91443579.0,0.0328907,0.021425700000000002,0.011465000000000001,515231002.0,0.0419857,0.0407,0.0012856999999999999,4597141.0,0.0355,0.0355,0.0,179752303.0
2026-03-28,0.0149124,0.0149124,0.0,90723808.0,0.0334005,0.0218343,0.0115662,511539609.0,0.0174012,0.0161,0.0013012000000000002,4570437.0,0.0355,0.0355,0.0,179769483.0
2026-03-29,0.0171684,0.0171684,0.0,75176190.0,0.0355437,0.023572799999999998,0.0119709,493210988.0,0.0373426,0.0361,0.0012426,4607002.0,0.0355,0.0355,0.0,179789670.0
2026-03-30,0.0175144,0.0175144,0.0,72268235.0,0.0360544,0.023982299999999998,0.012072099999999999,487886803.0,0.0287845,0.0275,0.0012845,4596799.0,0.0355,0.0355,0.0,179799528.0
2026-03-31,0.0252252,0.0252252,0.0,34854906.0,0.035547300000000004,0.0238799,0.011667400000000001,505070628.0,0.06551599999999999,0.0641,0.001416,4595764.0,0.0355,0.0355,0.0,179817713.0
2026-04-01,0.0304915,0.0304915,0.0,18156505.0,0.0348264,0.0227543,0.012072099999999999,488118150.0,0.0983231,0.0968,0.0015231,4575037.0,0.0355,0.0355,0.0,179837053.0
2026-04-02,0.0289951,0.0289951,0.0,22498441.0,0.0379925,0.0252117,0.012780800000000002,462298534.0,0.033904899999999995,0.0325,0.0014049,4567222.0,0.0355,0.0355,0.0,179839676.0
2026-04-03,0.0195665,0.0195665,0.0,60660623.0,0.038300100000000004,0.0255193,0.012780800000000002,461195036.0,0.017352700000000002,0.0159,0.0014527000000000001,4608786.0,0.0355,0.0355,0.0,179856864.0
2026-04-04,0.020614900000000002,0.020614900000000002,0.0,55105640.0,0.0385039,0.025621900000000003,0.012882,459359627.0,0.012869299999999998,0.011399999999999999,0.0014693,4418043.0,0.0355,0.0355,0.0,179873796.0
2026-04-05,0.020918000000000003,0.020918000000000003,0.0,53605563.0,0.0381975,0.0254168,0.012780800000000002,462694240.0,0.0168005,0.0154,0.0014005,4534776.0,0.0355,0.0355,0.0,179890987.0
2026-04-06,0.0197856,0.0197856,0.0,59479655.0,0.0388129,0.0260322,0.012780800000000002,463209674.0,0.0294192,0.027999999999999997,0.0014191999999999998,4525938.0,0.0355,0.0355,0.0,179908719.0
2026-04-07,0.0227643,0.0227643,0.0,44782294.0,0.0361521,0.023675199999999997,0.012477,472296796.0,0.0272125,0.025699999999999997,0.0015125,4524054.0,0.0355,0.0355,0.0,179932726.0
2026-04-08,0.023611800000000002,0.023611800000000002,0.0,43669052.0,0.0358485,0.023675199999999997,0.0121733,483627831.0,0.039,0.039,0.0,4509512.0,0.0355,0.0355,0.0,179955231.0
2026-04-09,0.0255283,0.0255283,0.0,36237101.0,0.036564,0.0242895,0.012274499999999999,480329652.0,0.0313,0.0313,0.0,4519554.0,0.0355,0.0355,0.0,179972431.0
2026-04-10,0.0244505,0.0244505,0.0,40584411.0,0.0268533,0.0268533,0.0,445418906.0,0.060599999999999994,0.060599999999999994,0.0,4531403.0,0.0355,0.0355,0.0,179983947.0
2026-04-11,0.0255782,0.0255782,0.0,35827040.0,0.0365889,0.0261348,0.0104541,449168154.0,0.0232,0.0232,0.0,4528919.0,0.0355,0.0355,0.0,180001150.0
2026-04-12,0.0268201,0.0268201,0.0,31088622.0,0.036587299999999996,0.0260322,0.0105552,446393092.0,0.0542,0.0542,0.0,4617841.0,0.0355,0.0355,0.0,180003003.0
2026-04-13,0.029732500000000002,0.029732500000000002,0.0,21384935.0,0.0363837,0.0259296,0.0104541,448743934.0,0.042800000000000005,0.042800000000000005,0.0,4604185.0,0.0355,0.0355,0.0,180020207.0
2026-04-14,0.030984400000000002,0.030984400000000002,0.0,17554304.0,0.0369978,0.0264426,0.0105552,445070496.0,0.0489,0.0489,0.0,4635903.0,0.0355,0.0355,0.0,180037414.0
2026-04-15,0.0320681,0.0320681,0.0,14460603.0,0.0355648,0.0252117,0.010353099999999999,453618526.0,0.0504,0.0504,0.0,4646961.0,0.0355,0.0355,0.0,180054622.0
